0,'RYJRW','QTQUR','Mumbai',44023,5
1,'HSMVN','NSXDV','New Delhi',94242,8
2,'MPWHO','DPGFU','Hyderabad',82769,9
3,'JMZTE','LYYJQ','Hyderabad',29487,8
4,'ATGFZ','HXCNH','Bangalore',31509,0
5,'NCQNR','KVSUE','Bangalore',81249,5
6,'GQFUC','BNLAZ','Hyderabad',60091,4
7,'JAZCG','IIHQN','Bangalore',11893,3
8,'LFSMS','RCBQM','New Delhi',87200,7
9,'OBAXQ','CWIWE','Bangalore',96494,5
10,'RJXRB','KBGIU','New Delhi',49938,1
11,'ZAEOK','UHRKS','New Delhi',22809,2
12,'DAKLE','FCZBN','Mumbai',45036,5
13,'BQIIY','PCKKS','Hyderabad',73440,2
14,'GPQDR','VDXEZ','Hyderabad',55990,4
15,'BFMFM','NWFVN','Bangalore',46065,0
16,'BOTXJ','QCPWG','New Delhi',34650,2
17,'BVHXM','OXZAP','Mumbai',48437,8
18,'ETBQE','XXSWE','Hyderabad',89451,1
19,'XCJJT','GIIHI','Bangalore',42437,7
20,'KTRRQ','GGULT','New Delhi',64993,2
21,'CEOOO','TZNBT','Hyderabad',30852,1
22,'QVFBB','GOGNL','Bangalore',10345,6
23,'QWORL','OYGAW','New Delhi',48972,0
24,'LCCMK','OYBNX','Hyderabad',89357,1
25,'PJRYK','CETCW','New Delhi',80881,1
26,'QCPOK','DIDFB','New Delhi',93222,0
27,'LMCAF','GEHJN','New Delhi',93811,4
28,'CBCJC','PPBPB','Bangalore',19341,9
29,'JTEZY','YKIXS','Mumbai',78089,5
30,'TXPOE','JVPJQ','New Delhi',85370,8
31,'XJAHT','UYYTZ','Mumbai',73057,0
32,'DXIAM','SWHBZ','New Delhi',27728,9
33,'BEJAX','PRSRS','Bangalore',79554,3
34,'NMAYD','POAAB','New Delhi',61176,8
35,'FRHLF','YEQJA','Mumbai',50585,6
36,'RCZZD','UBUVF','Bangalore',15770,9
37,'QZGDX','CXGHI','Mumbai',34015,4
38,'IHOXU','WPHAW','Bangalore',29450,7
39,'RUDAL','IPQGH','Bangalore',28918,8
40,'NDCEY','LWWAD','Bangalore',72260,8
41,'MUAJS','JFYBV','New Delhi',77604,9
42,'ADVFP','QPQBG','New Delhi',57896,5
43,'SZGUL','BSVRS','Hyderabad',90590,5
44,'QYEOR','ZBBGM','Bangalore',22882,5
45,'SYEGA','GVPHX','Hyderabad',48674,9
46,'WIVBE','GXHXI','Bangalore',92726,8
47,'NMIEI','VCTEG','Mumbai',71150,3
48,'KJLXQ','SZCAA','Hyderabad',39878,8
49,'EGFLE','WRGYL','New Delhi',31115,2
50,'EHYKM','KOKDX','Hyderabad',20995,1
51,'SVIMX','MYKLO','Mumbai',76985,0
52,'SYWOS','OWMWS','Hyderabad',53574,3
53,'KDGFB','TNOEH','Bangalore',86069,3
54,'CEYTE','ERVZJ','Hyderabad',55704,3
55,'PYAAM','ETEBJ','Mumbai',20609,8
56,'EHUQB','BJKKD','New Delhi',11050,3
57,'WWWTC','XWFBF','Hyderabad',22244,1
58,'NRNBR','FFUVU','Bangalore',49318,0
59,'SBNBV','VCYBC','New Delhi',76827,6
60,'LHKLU','MXMWY','New Delhi',79757,0
61,'BAHUX','RNOPT','Mumbai',60793,8
62,'DGHYO','FLNLL','New Delhi',69794,8
63,'RPQWE','IFVDJ','Bangalore',17046,3
64,'TPDRV','FQPWS','Mumbai',73581,5
65,'NAEJR','MLKCC','Bangalore',21246,4
66,'LDNCO','PDHKK','Bangalore',84637,6
67,'EULRD','AFAJM','Hyderabad',44635,6
68,'GUOCL','VUWNZ','Mumbai',39871,2
69,'AQPNH','GUGML','Hyderabad',70581,3
70,'ECHCT','RQDVW','Bangalore',24099,1
71,'JPCRX','MSBSV','New Delhi',29061,7
72,'DVPQC','APGKG','Bangalore',44599,8
73,'ACBLY','DRLNZ','New Delhi',45613,5
74,'LXZLK','UIALZ','Mumbai',24715,7
75,'FHGUL','NBOGK','Hyderabad',39619,6
76,'JTFOC','GASZM','New Delhi',27276,7
77,'XHWYY','PFFOC','Hyderabad',30113,6
78,'NORCV','MOTKS','Bangalore',69395,0
79,'XTOBQ','TDNUP','Bangalore',99695,6
80,'VTTRI','IHMLU','New Delhi',27614,5
81,'HXOCQ','YRHXY','New Delhi',90920,0
82,'GKKQO','NICCB','New Delhi',60070,5
83,'EXJQW','NACLB','Hyderabad',99550,9
84,'IMXTF','BUQQY','Hyderabad',47632,3
85,'PMAXY','SMMBM','Bangalore',98761,9
86,'OYHZA','HSBTW','New Delhi',40907,3
87,'YDFKZ','FJBMN','Hyderabad',96103,7
88,'VEFTZ','UULPC','New Delhi',91154,1
89,'GJCIT','AAWTE','Hyderabad',72575,2
90,'COXGW','FNWNX','New Delhi',38524,4
91,'RUIYX','NNMDO','Hyderabad',30496,2
92,'ENIIV','XSXMJ','New Delhi',79680,8
93,'DMYXG','WQBCJ','Bangalore',13731,9
94,'GIVFX','LFCOZ','Mumbai',91268,0
95,'KIAVG','YASOZ','New Delhi',66564,9
96,'HMLBW','WDLTS','Hyderabad',92698,7
97,'VESJF','JCBEC','Bangalore',48370,2
98,'PWMHY','FPWON','Hyderabad',38510,5
99,'HWNDZ','NXJHP','New Delhi',26249,4
100,'RRQTM','IPYYL','Hyderabad',49183,4
101,'IXFYW','OXCAP','New Delhi',30681,8
102,'IEYQW','QOOJJ','Bangalore',70104,3
103,'BJARW','AOVIK','Bangalore',54691,6
104,'ADOAP','LAOFW','Hyderabad',14613,6
105,'CBSVN','HLJXH','New Delhi',21318,9
106,'LXPOI','GWPNI','Hyderabad',15855,3
107,'SBDFQ','BBPZM','Bangalore',36434,4
108,'ACUTK','FJGLW','Bangalore',47582,2
109,'VIQPH','BWHBE','Mumbai',43986,8
110,'GMLEB','SIFLA','New Delhi',27464,3
111,'WRNCD','LXNHF','New Delhi',62711,3
112,'IBCMA','PLBLN','New Delhi',65831,8
113,'JVZZF','UMZQD','Hyderabad',38477,3
114,'FSIAO','MKSGP','Bangalore',73485,3
115,'PDPMG','KDECL','Mumbai',58402,9
116,'VSJRD','ZAJVX','Hyderabad',51591,8
117,'ZZAXX','CCCOM','Mumbai',35357,6
118,'TYUTZ','QYUKZ','Bangalore',20950,4
119,'LPXVL','BTWWE','Bangalore',26052,0
120,'SDFCA','ZGCTO','Mumbai',29841,9
121,'UQMJX','PMYMU','Hyderabad',25810,9
122,'IXHZY','RISOE','Bangalore',21110,6
123,'NKHGU','VKOAP','New Delhi',28344,9
124,'NOIIQ','HIIRT','Hyderabad',83041,8
125,'NKKEW','ZPPGF','Hyderabad',81676,1
126,'REUWG','ILKQL','New Delhi',62141,7
127,'DVAIO','BOZSH','Bangalore',11020,5
128,'KPQGJ','BWJGA','New Delhi',79225,3
129,'DWGDE','IQMCF','Hyderabad',49302,2
130,'UNZJX','PQHEG','Hyderabad',32393,2
131,'LDAHX','YHAJQ','Hyderabad',45047,7
132,'TNMTU','RVXTK','Mumbai',63494,2
133,'YHMSE','TNOHX','New Delhi',80463,5
134,'ZUANM','PCKYV','New Delhi',79380,5
135,'WFYXF','XHQAS','New Delhi',59479,1
136,'YAANN','ETIII','New Delhi',55841,1
137,'KUYCT','DOKGH','Bangalore',38076,1
138,'RMZBY','XSIIJ','Hyderabad',94754,0
139,'UVOLY','XVIEO','Mumbai',72621,5
140,'HQMEK','AKVZT','Mumbai',69007,8
141,'BISLY','SPQQX','Bangalore',22076,9
142,'SYRKU','UXLLR','Mumbai',80643,6
143,'WWRXX','ANGYQ','Mumbai',49579,6
144,'CDSPO','WXTHG','Hyderabad',61382,4
145,'ZDRGJ','UMUCH','New Delhi',87685,5
146,'HPDAS','YLLCO','Hyderabad',67395,2
147,'TYLUY','UJXQN','Bangalore',11232,7
148,'COCBO','XNQNC','Bangalore',17715,9
149,'FVHVG','HAEQP','Bangalore',31695,5
150,'BUYDZ','OLURS','Bangalore',14791,1
151,'UMZGC','HIEON','Bangalore',70399,1
152,'AWAYV','QALHW','Bangalore',31795,5
153,'EDMGM','KUIUX','Hyderabad',62079,2
154,'KEUFS','LQYKA','Mumbai',14629,2
155,'FVHFU','TBEOS','Hyderabad',86802,0
156,'QMYRJ','BINVG','Bangalore',99338,6
157,'MIWYE','JLBHB','New Delhi',16294,2
158,'GVRCS','VYPYO','Mumbai',66732,4
159,'MXYUN','ZKSFS','Bangalore',99063,6
160,'QYXVI','CYPYJ','Bangalore',14392,3
161,'PIPMH','DDMWK','New Delhi',13498,3
162,'TJHKK','GUQSX','Mumbai',57286,4
163,'TRFWN','ZQVST','Mumbai',90638,2
164,'XBAMM','HYFCO','New Delhi',48089,8
165,'IEGVB','SKVQD','Mumbai',91488,8
166,'DCZIR','TILPS','Hyderabad',57709,2
167,'SLRDO','SSYNJ','Mumbai',24927,0
168,'CKMQM','UQNDZ','Hyderabad',13922,1
169,'ZHSTB','KNJAG','New Delhi',44138,6
170,'MOCQG','ZUXCR','Bangalore',54394,7
171,'YPEHZ','BPPIZ','Mumbai',90392,7
172,'MKZHX','JBJNO','Hyderabad',80455,3
173,'KERWD','NNRFX','Mumbai',69020,4
174,'MRXTD','ADBEY','Bangalore',46389,6
175,'VMZKZ','JPOFI','Mumbai',87668,2
176,'TQFWX','HPAXB','New Delhi',30957,4
177,'IWDOT','ATXSF','Bangalore',98315,4
178,'MJAUX','NSCVS','New Delhi',46920,7
179,'MILVK','SQSCP','Mumbai',23452,0
180,'QECZJ','TRMKM','Bangalore',11822,2
181,'BONUM','FOMCB','Hyderabad',56101,8
182,'AQGHB','SQYSI','Hyderabad',71721,0
183,'IHBOO','UIRVH','Bangalore',39749,1
184,'TGDNX','PSQFL','Mumbai',37690,3
185,'KKFAF','OIRTK','New Delhi',60591,9
186,'YBJYU','SVNDC','Hyderabad',61958,6
187,'LMUMF','XICTR','New Delhi',99070,6
188,'BSWYK','AVRYR','Bangalore',75712,6
189,'QZSHB','OATGS','New Delhi',25907,0
190,'EUQCP','QMCMO','Mumbai',36638,2
191,'TLLHO','YVKJK','New Delhi',54221,8
192,'ZTCTB','HCUOP','Bangalore',87601,0
193,'BLDVJ','YCELE','New Delhi',65711,7
194,'NBTVA','LNIPU','New Delhi',27802,3
195,'RFUPI','WPJXK','Mumbai',12589,6
196,'RBIWI','RBNVG','Bangalore',41083,7
197,'LXDYK','ISLMK','Mumbai',46380,3
198,'NEJPM','WDNSU','New Delhi',42908,2
199,'IZIBG','EWKXS','New Delhi',74119,5
200,'JSDVG','OTSXA','Mumbai',72035,4
201,'RXFCI','VYTLA','Mumbai',92288,1
202,'SROJF','FGGLR','New Delhi',77743,6
203,'EWHEP','YEAGD','Hyderabad',42146,1
204,'SFQUN','SDKFG','Hyderabad',62390,2
205,'IEASS','QWYXK','New Delhi',41719,9
206,'QFRVX','OKTAK','Bangalore',37174,7
207,'TLCTI','QOMQW','Bangalore',39661,1
208,'OEJOU','KPPQY','Hyderabad',89372,4
209,'WKNFZ','ORRFT','Mumbai',17716,9
210,'EMRPZ','LFWRV','Hyderabad',95425,4
211,'MERNM','MBZJH','New Delhi',73474,4
212,'CSUYF','ZQOCT','Mumbai',25292,7
213,'JEYTE','GSBRH','Mumbai',73706,4
214,'SORUP','LRLFR','Bangalore',75492,7
215,'KRBIT','OKTAT','New Delhi',90655,3
216,'SEFWE','NGDBX','Hyderabad',21056,4
217,'LCWYM','MRMPJ','Mumbai',84523,7
218,'POSUW','OBXFO','New Delhi',44820,5
219,'OQWSD','CBXVO','Mumbai',94888,0
220,'GLKBN','SFKLY','Mumbai',86403,4
221,'XVYYZ','PQVTL','Hyderabad',85700,8
222,'VBZMF','VNZNI','Mumbai',26378,9
223,'HJRCS','JUFHK','Bangalore',73712,5
224,'NENDL','FLLJF','Bangalore',12812,3
225,'LPWJL','KORNC','Hyderabad',94202,8
226,'DNXKV','WIPDM','Hyderabad',88494,2
227,'NHREG','QFHRB','Bangalore',27082,3
228,'RTGIN','JNJQX','New Delhi',23350,0
229,'IZTDK','HQXSZ','Mumbai',26822,2
230,'KJRAS','LGCRV','Mumbai',55581,0
231,'SIPOW','QFQSM','Bangalore',12528,2
232,'TACUH','ZSPTD','Hyderabad',79211,7
233,'FBLUK','RMPUH','Mumbai',22180,0
234,'IXEFO','VNGLV','New Delhi',72003,3
235,'WAGFW','HAEHL','New Delhi',79929,0
236,'KDOXO','IMKAA','Mumbai',17933,0
237,'PAKTM','RCFIZ','Mumbai',23489,4
238,'YDXOE','PSQED','New Delhi',78684,6
239,'FRXIM','YGXED','Hyderabad',56355,4
240,'ZOFHM','EDMMI','New Delhi',30568,5
241,'IARXY','ERSIV','New Delhi',34577,8
242,'PZWJT','BARVH','New Delhi',71376,4
243,'HYMIE','LMGGI','Hyderabad',25000,7
244,'LFAQX','XTNOH','Bangalore',15126,3
245,'XRYUI','NELXD','New Delhi',88771,6
246,'QOVWJ','DLLYB','New Delhi',61688,1
247,'TYGBS','OKCFV','New Delhi',91704,3
248,'PYQFF','KSSKW','Mumbai',70950,7
249,'OOLSU','WYOAG','Mumbai',36451,4
250,'HGBLS','DDRYX','Hyderabad',44450,7
251,'HDPNC','ZUESG','Hyderabad',12773,5
252,'NVXOR','RCBFX','Hyderabad',32198,1
253,'OQJST','GFYAD','New Delhi',31921,8
254,'OFLIS','MWIHE','Mumbai',44728,6
255,'KKJOV','TXNVZ','Hyderabad',27181,0
256,'YOMLG','KOJLF','Mumbai',21840,1
257,'ZSSAB','LYVWW','New Delhi',92745,1
258,'IJZPC','ZYSKL','Hyderabad',87677,4
259,'WSAMI','YKPQA','New Delhi',34316,2
260,'KKCUY','FCSJU','Bangalore',66811,0
261,'NEWNW','DXTTU','Mumbai',67080,4
262,'IBIHJ','IXMDE','Mumbai',91369,5
263,'PVWAO','QOYUW','Mumbai',37743,0
264,'PWTYQ','TQODX','Hyderabad',12586,0
265,'SPAVO','JZCOA','Bangalore',34970,7
266,'BMRIT','MJHKP','Mumbai',39498,5
267,'QEGAM','LUANJ','New Delhi',19643,5
268,'XCPHF','DTNMC','New Delhi',20853,8
269,'FQSLD','YAZPD','Hyderabad',92025,5
270,'TCDCI','BQEQC','Hyderabad',50027,2
271,'UJOTW','RRZGE','Bangalore',89362,1
272,'VBWOT','ITISH','Hyderabad',25869,1
273,'NXDGZ','DRNLC','Mumbai',61729,1
274,'MEHTK','TEYNO','Bangalore',81235,4
275,'FIIMJ','VTURA','New Delhi',20902,5
276,'NVQZS','SEOTF','New Delhi',40816,4
277,'XSZAK','BRGMG','Hyderabad',12571,0
278,'ICJBD','WMDQZ','Mumbai',13809,0
279,'RDKHZ','DESRY','Bangalore',45132,4
280,'UHMHI','KREFS','Bangalore',84260,0
281,'TYVME','OYICK','New Delhi',56387,7
282,'JYRUL','EWHKW','Bangalore',98093,4
283,'HOQOP','FXPXA','Hyderabad',51207,0
284,'FWIZM','AMKAZ','Mumbai',20554,1
285,'NZAWI','ONFGC','Mumbai',57304,2
286,'UROZM','CUBAQ','New Delhi',37495,5
287,'XPFJR','ZQXPU','Hyderabad',84681,2
288,'UTZFC','ESKEH','New Delhi',67461,8
289,'BCRIJ','YZCLA','Hyderabad',93026,4
290,'CPYVR','RKAPN','Mumbai',24267,2
291,'LDUGM','SZYFR','Bangalore',82169,2
292,'BVFEF','PMNNC','Mumbai',70669,7
293,'MSUAB','GQELW','Hyderabad',13321,6
294,'BXKIC','EJHLL','Bangalore',95551,5
295,'HJBRH','NHKCP','New Delhi',39964,2
296,'UEIVG','FDITM','Bangalore',24115,0
297,'BWOFB','SECEC','Bangalore',53055,2
298,'CTHGJ','HHRSP','New Delhi',15993,7
299,'ZPEET','YTTRT','Mumbai',85684,7
300,'ZJKZK','BEKVW','New Delhi',71477,2
301,'TWSSC','YJVJH','New Delhi',86555,2
302,'SLTCZ','MHQUK','Mumbai',18876,7
303,'INIQD','AZCQH','New Delhi',42218,3
304,'PRWVJ','FQSTV','New Delhi',31139,0
305,'IRSLZ','WPRDE','Bangalore',31218,2
306,'XPZOK','LJNJD','New Delhi',77291,4
307,'JFIIS','GSUCX','Mumbai',92928,4
308,'PETBC','CPIXK','Mumbai',58710,2
309,'QOPMC','ZHPGY','Bangalore',38784,7
310,'SXIZG','MECHJ','Hyderabad',21716,1
311,'QMJOC','ODRVM','Mumbai',34103,6
312,'DEWFG','TDKTX','Mumbai',15674,2
313,'RLXSC','CGRGL','Hyderabad',52605,5
314,'RORTB','RISOZ','Bangalore',51025,5
315,'APBVC','ZLAED','Mumbai',79221,9
316,'EHPTP','NSUOL','Mumbai',92289,0
317,'KSESL','GPEOB','Bangalore',83197,4
318,'BFARA','QDWAT','Bangalore',68462,0
319,'HMCIZ','IZZRN','Hyderabad',87247,8
320,'FVGDY','DQZER','Mumbai',79337,1
321,'ATWEF','DEXUW','Bangalore',74014,7
322,'HIIVU','ZPULW','New Delhi',18651,0
323,'VTBFF','NIJJB','Mumbai',53924,5
324,'FPJQA','MYJHY','New Delhi',12464,2
325,'DELJB','AULKA','Hyderabad',70878,0
326,'RZKVZ','SIMKD','Hyderabad',96948,4
327,'CUOVP','HYOLH','Mumbai',46218,2
328,'EAIQG','PXQSW','Mumbai',74970,0
329,'SYAMQ','PTWGY','Hyderabad',72408,6
330,'YHOSN','BYRRH','Bangalore',58540,0
331,'FXLHG','ITJLO','Bangalore',36463,3
332,'KIZTV','FXFHT','Mumbai',16434,3
333,'NZBKV','DWEMY','Bangalore',27321,8
334,'YKDPO','WJGUA','New Delhi',40479,2
335,'RVFUO','HWVLE','Mumbai',67624,6
336,'TJRWG','DXASR','New Delhi',97832,2
337,'YEQBY','XUWNJ','Mumbai',12228,3
338,'DTPQB','NPVGY','Hyderabad',71786,8
339,'CHZCM','QJGTR','New Delhi',22380,1
340,'PVCWY','OYNWZ','Hyderabad',32746,3
341,'TRYRT','SJNIA','Bangalore',99908,3
342,'VHNUW','XZRDF','Bangalore',15916,3
343,'KSAVL','GUIIO','Bangalore',97552,0
344,'TXVBY','ZGRWU','New Delhi',76414,4
345,'LZWWV','VAMTM','Hyderabad',98926,0
346,'COBIF','UUNPF','Hyderabad',80592,0
347,'FZWYQ','PWBXE','Bangalore',85103,0
348,'OHPEK','SXPKC','Bangalore',56484,1
349,'ARGLG','UQGOM','Mumbai',11333,0
350,'ZBKPR','COACD','Bangalore',44986,4
351,'XEWVR','RWHCB','Mumbai',24399,8
352,'WOQDQ','TPVEP','Hyderabad',92470,4
353,'LLQRO','USVGX','Mumbai',41942,0
354,'STSOL','SDUZY','Hyderabad',59346,0
355,'RERCL','VFUMW','New Delhi',81888,3
356,'IVNBZ','VVZAN','Mumbai',97902,1
357,'FEMGU','VFDOS','New Delhi',79773,4
358,'PAXPE','DONFJ','New Delhi',31842,9
359,'YIHUD','LSLDY','Mumbai',19559,2
360,'SNHZS','KJKLM','Mumbai',96212,4
361,'JEWDY','SMNOU','New Delhi',95721,9
362,'RSXKY','NMCMY','Hyderabad',65080,9
363,'SMUMK','ONBPG','Mumbai',90124,6
364,'RVTPF','SUFCB','New Delhi',53220,2
365,'ADVWV','FZNCI','New Delhi',57525,3
366,'SMQJL','MOLGX','Hyderabad',58835,9
367,'AUWPF','FAADC','Hyderabad',93407,4
368,'YRNCF','WGWUL','Bangalore',77583,9
369,'LJAHN','UWMME','New Delhi',64946,1
370,'GUIFU','DKONE','Bangalore',73725,0
371,'MJIKQ','RYONS','Bangalore',29747,9
372,'DLFFM','QHXGA','Hyderabad',54406,7
373,'UGMCV','QXULK','New Delhi',67656,0
374,'UEKLD','QMVYR','Hyderabad',38771,7
375,'RVPCR','OGLEA','Mumbai',91200,9
376,'FPOIV','IZQGG','Mumbai',91826,5
377,'MWLUO','YHZQL','Hyderabad',58749,6
378,'KYTBT','YJPYK','New Delhi',90610,6
379,'IJWEJ','HDVIN','Mumbai',77475,6
380,'ZPJFJ','QYCWT','Hyderabad',24772,3
381,'BFJSS','LPFZT','New Delhi',11488,4
382,'YORUO','JRYYT','Hyderabad',11929,6
383,'MAKMN','IOWNR','Mumbai',17827,7
384,'XHZFY','NEOII','New Delhi',12527,3
385,'BWEDX','GBJCH','Bangalore',47856,6
386,'WDMNM','QWMKL','New Delhi',11645,9
387,'BDXWB','YVRUT','Bangalore',72914,7
388,'EYKAW','MZVCU','Mumbai',19077,0
389,'EMZKL','OJABT','Hyderabad',54958,6
390,'WAERA','KUUCU','Mumbai',56361,1
391,'SPYVN','QMQJY','New Delhi',65599,5
392,'MJESN','WJRQQ','New Delhi',22365,6
393,'JTXRS','IAEQK','Mumbai',20873,7
394,'DDYPL','THLTC','Hyderabad',59314,2
395,'UITEA','PWBGO','Mumbai',88906,4
396,'GSRUS','TWTDU','Hyderabad',69738,8
397,'JUFYX','AVXQT','Mumbai',34042,7
398,'ITBYS','WBYZY','Hyderabad',59476,8
399,'AGPPF','PGEST','Bangalore',78587,8
400,'IGWBE','AJQKZ','Hyderabad',86048,7
401,'ZCIDE','RONZS','Hyderabad',73185,5
402,'IZPAI','BQTIC','Hyderabad',88078,1
403,'QYEGG','WCYHT','Bangalore',10480,2
404,'TCTKP','UXGTV','Hyderabad',54530,0
405,'MMPHR','MTOFJ','Mumbai',31033,6
406,'QQQYI','ZGAVT','Mumbai',31826,4
407,'HGAMK','ZHLHQ','New Delhi',97492,5
408,'NLORQ','XXIEO','Bangalore',35962,6
409,'MRGRK','LMFSH','Mumbai',13177,0
410,'DSMPL','KMIXB','New Delhi',39742,7
411,'EILEI','VTUIU','New Delhi',68382,5
412,'VEZUG','MZIMG','Bangalore',95045,1
413,'YJRHK','FTXKE','Hyderabad',37919,3
414,'VCATU','URCJR','Bangalore',82743,9
415,'DKNHS','NOOPK','Mumbai',48931,5
416,'HDWJP','TMLNZ','Bangalore',92665,8
417,'XMTKK','HZRGZ','Mumbai',43913,9
418,'GBXBU','PGTAW','New Delhi',16373,8
419,'NVYTJ','GCBQS','Bangalore',54645,8
420,'PSCMB','OKRKR','Hyderabad',52312,2
421,'JZZNM','YPQZQ','New Delhi',57496,6
422,'PJKBP','BYZFW','New Delhi',92180,1
423,'SARIP','DQQLC','Hyderabad',25173,0
424,'UJMQF','ROMOG','Mumbai',84743,0
425,'TIAQX','ZOHLD','Bangalore',71668,9
426,'ZACUT','SHPGI','Hyderabad',69985,3
427,'OJHFM','FEYND','Hyderabad',51057,7
428,'EUMIZ','BLLKA','Hyderabad',42861,8
429,'ZZRSA','CCTAJ','New Delhi',16486,4
430,'GJCFC','OGBXO','Hyderabad',49943,4
431,'JXLZV','TSRSA','New Delhi',42905,1
432,'NLSAY','DPKSQ','Mumbai',46910,6
433,'MGDMO','BOPVD','Mumbai',32952,8
434,'JEWIJ','JFHTD','New Delhi',67275,6
435,'DRZVC','VBPTA','New Delhi',10829,5
436,'FXWIC','OYFFJ','Mumbai',20009,6
437,'EZDBQ','QKJTL','Mumbai',28485,2
438,'LCFIP','IWCLK','New Delhi',86744,7
439,'RWFNB','SNDPF','Hyderabad',52578,4
440,'PNRAE','WEJTF','Bangalore',42732,4
441,'BGNBR','UAEQL','Hyderabad',98133,6
442,'GYMSZ','LHDXZ','Bangalore',83013,1
443,'GYIPF','VINCW','New Delhi',98372,7
444,'OCWPR','SGUIE','Hyderabad',19899,2
445,'KJKHY','MEZXL','Hyderabad',13666,6
446,'EWKMO','NVZJE','Mumbai',49002,5
447,'NHFED','VHPNV','New Delhi',83907,0
448,'ZHRAH','MVCJR','Bangalore',11520,5
449,'RPBTL','YVWIZ','New Delhi',15245,0
450,'YODAA','DKKIO','Bangalore',83591,9
451,'PRUDL','AUVTK','Hyderabad',40244,4
452,'OOOAY','CZTZQ','Hyderabad',19429,9
453,'EQEZZ','UUVOG','Mumbai',45622,5
454,'YWHGJ','PCFTF','New Delhi',78774,3
455,'DCIRW','KTYEX','Mumbai',72493,3
456,'CHRIE','UUEFP','New Delhi',28605,6
457,'ARTYG','JNHFB','Hyderabad',23687,5
458,'GCUTL','KUIBA','Bangalore',37079,6
459,'EXYPG','YXHDW','Bangalore',89019,9
460,'DPYEB','CZXVX','Mumbai',39726,0
461,'MIBCN','XDNHC','Hyderabad',93455,4
462,'ABUSJ','SKBGU','Bangalore',38243,5
463,'PAOQD','WLKLF','Hyderabad',31125,6
464,'BYAZI','HPYWT','Hyderabad',20661,7
465,'KGUWA','VHNSA','Hyderabad',95793,1
466,'YEXDB','UOOFF','Bangalore',18578,7
467,'QQQRQ','KXTIH','New Delhi',38358,1
468,'RMSQG','TNWLE','Hyderabad',49640,6
469,'MTPIN','AGWAG','Mumbai',86745,8
470,'SGZHA','UFFJC','Bangalore',98732,3
471,'CZWIY','ZBFZD','Mumbai',94682,8
472,'UAFQM','MHWGF','Bangalore',94664,0
473,'GTQEU','DVPQL','Mumbai',13928,8
474,'CCFIQ','VLGYP','Bangalore',50471,7
475,'LZPXH','KGNXF','Hyderabad',51776,0
476,'TKQYK','HLFUR','Mumbai',95692,2
477,'KVCQY','EHNUD','Hyderabad',58220,7
478,'XONFJ','FHVTZ','Hyderabad',44953,9
479,'ZVAMV','ZXMRC','Hyderabad',21976,7
480,'MYALA','BGHJW','New Delhi',78575,9
481,'XDRIR','OXYIE','Hyderabad',67722,9
482,'SQLXH','UKGZV','Bangalore',28152,5
483,'TAUXX','JMOMZ','Mumbai',76940,6
484,'EBIXU','QTQAO','Hyderabad',31991,3
485,'APPKD','LVYVV','Hyderabad',93461,2
486,'CFYNI','BBTNP','Hyderabad',74198,8
487,'BLEYB','FZSKR','Bangalore',28456,2
488,'WGVEG','THBJJ','Mumbai',87810,4
489,'ZQTXH','EGHUB','Bangalore',75515,6
490,'FEYWO','KCJNS','New Delhi',16276,5
491,'QSVLH','EKNQV','Mumbai',93463,8
492,'LPGZJ','DVAXT','Hyderabad',80616,4
493,'NVUEJ','LYWDQ','Bangalore',49394,7
494,'XNQDL','BKCYU','Hyderabad',10275,8
495,'CPXGR','DRRZR','Mumbai',47674,0
496,'DXSBA','XXUFA','Hyderabad',56929,6
497,'HJKAB','LXECS','Bangalore',81029,9
498,'HISDW','ZBPTV','New Delhi',42884,1
499,'EDTXA','FSZNI','Mumbai',74797,4
500,'QTVBH','PRVBM','Hyderabad',33599,5
501,'ISMFA','LPTDN','Hyderabad',50721,9
502,'UEMKN','LAPQS','New Delhi',82988,6
503,'GZEVB','RDBLZ','New Delhi',16474,4
504,'BJTWZ','PMGSA','New Delhi',34580,4
505,'HVPFL','BIMDB','New Delhi',94750,0
506,'GFARN','QLFTA','Bangalore',81030,5
507,'GCLRY','TSBTK','Mumbai',58885,6
508,'CRLKV','LDPQY','Mumbai',51054,1
509,'LXOSA','EMEZN','Mumbai',20173,7
510,'JQNOW','PWDLP','New Delhi',90994,5
511,'NKTVT','LRTXD','Mumbai',71742,8
512,'OQOIK','KNAXH','Mumbai',51073,0
513,'DZHLH','PZTDY','Bangalore',11734,1
514,'UCOPE','APGXJ','Bangalore',18135,5
515,'CITFB','CHCTP','Hyderabad',92463,6
516,'PMVUK','SUKQL','New Delhi',22750,4
517,'HJLMK','RNGDU','Bangalore',95171,3
518,'IKSTU','VLQLA','Mumbai',53502,5
519,'ZYANZ','VUPIZ','Hyderabad',11943,3
520,'DTPXM','DOQJL','New Delhi',45372,8
521,'VUAMA','ZFIYY','New Delhi',55284,0
522,'RIUFI','APHRT','Mumbai',65210,7
523,'TUEJS','IKQFK','New Delhi',31634,6
524,'JJRLO','MJWWY','Hyderabad',22546,0
525,'TUOCV','ZJVIF','Hyderabad',20030,4
526,'INEIB','WCVBO','Mumbai',80560,4
527,'QUKEO','KUPBX','New Delhi',37555,6
528,'UCLKB','IOJSM','Hyderabad',48884,4
529,'CNFBJ','XBVRQ','Mumbai',41270,9
530,'MECXD','YRKTG','Mumbai',13085,1
531,'KHCHO','SOKZI','Mumbai',96322,0
532,'IYRRN','ZFQYG','Bangalore',68472,0
533,'FJYJQ','HCJHJ','Bangalore',80399,1
534,'KBZOT','HDKEK','Mumbai',23667,8
535,'JLGCP','SZVDW','Hyderabad',11669,7
536,'VXMGO','LHOZV','New Delhi',66473,7
537,'OOCES','LTCYE','New Delhi',19363,2
538,'PCGAS','JLNIS','Mumbai',54278,0
539,'DORVK','MJRAY','Hyderabad',40615,5
540,'LWFDD','KLVUI','Mumbai',62166,8
541,'VOORZ','VIDSJ','New Delhi',85217,1
542,'VODIR','ISSUI','New Delhi',28737,7
543,'JCMVT','JSLXA','Hyderabad',39402,8
544,'CPEDJ','LDBFM','New Delhi',20646,8
545,'HKWQE','MMWKS','New Delhi',35714,5
546,'RVRDX','GAPVO','Hyderabad',66335,6
547,'KIUJW','IFXPZ','Bangalore',82942,5
548,'ULVQS','OADES','New Delhi',67361,7
549,'NGIZY','KBMZP','Hyderabad',37072,8
550,'XYGRP','FLJCA','Bangalore',84743,9
551,'VJKWI','JPYUY','Bangalore',45039,6
552,'CVXGE','BHXYL','Hyderabad',87765,5
553,'WEGFB','YXOTM','New Delhi',59322,3
554,'BNOOF','URIMA','New Delhi',57290,2
555,'DPNKJ','XBRKT','Mumbai',20804,2
556,'AVUHR','WIBWB','New Delhi',36238,2
557,'JPTNA','ZLAGG','Hyderabad',52701,2
558,'HTDFN','NPCWC','Hyderabad',40508,9
559,'TSPDW','PPFZT','Mumbai',40131,2
560,'JJYWR','KHUAG','Bangalore',79795,6
561,'IAJKJ','PPKFM','Mumbai',86054,4
562,'OBFIT','NLUIF','Mumbai',66428,9
563,'PKXEU','VXZAF','Hyderabad',14754,4
564,'GOCMD','TIHPX','New Delhi',48645,3
565,'BBDOA','UBDGK','Mumbai',60142,1
566,'MWOUA','MKDVV','Mumbai',65152,6
567,'WEVQX','XLNWJ','New Delhi',75428,2
568,'SLFQT','RBATZ','Bangalore',99986,5
569,'DFHPQ','LPJOR','Hyderabad',91830,4
570,'YPESJ','CREPC','Bangalore',18596,7
571,'LTUJZ','BUSXP','Hyderabad',84524,9
572,'EUPDR','XWEDG','Hyderabad',97423,2
573,'KOLHF','BPLFS','New Delhi',58381,5
574,'MGUZX','RMNUN','Bangalore',38366,0
575,'IVUEY','NEHYY','Bangalore',84053,4
576,'OZTMR','SSDZS','New Delhi',69250,9
577,'BHIMC','EDYXW','Bangalore',91339,0
578,'NAWKT','DLGAZ','Bangalore',32667,7
579,'EMHLY','TRBZC','Bangalore',50772,7
580,'ZDPLI','ARCXQ','Bangalore',84484,0
581,'TTYFL','VRUKP','Bangalore',15798,7
582,'EXQYB','ZHQWE','Mumbai',10196,2
583,'SSIXQ','AUELL','Bangalore',29298,1
584,'DZUSO','IEAEP','New Delhi',64985,8
585,'ULWJT','NMALO','Bangalore',63933,5
586,'YPRPO','FDQBE','Hyderabad',73206,7
587,'DAPIP','SBJHU','Hyderabad',41898,0
588,'VQTDG','UEPUU','Bangalore',57878,2
589,'YPUWS','NKKTC','Bangalore',88721,9
590,'HNTSG','VHOFC','New Delhi',21328,5
591,'GYZTK','JGETY','Hyderabad',20829,8
592,'COGRS','WDORN','Bangalore',15370,0
593,'QWSKE','SLAJK','Mumbai',40087,3
594,'HPQEA','ADJUM','Mumbai',48003,9
595,'VKYZM','NMZHL','Mumbai',52868,7
596,'JDJQO','ZKZSW','Hyderabad',86871,8
597,'OLDGL','BEDJB','Mumbai',51789,0
598,'AWGRP','YHBXJ','New Delhi',45064,4
599,'KJSAI','NEDWV','Bangalore',43211,3
600,'XNZGG','SHAST','New Delhi',61378,5
601,'MVTQJ','UQEAN','Bangalore',27112,5
602,'DDUEA','OZIWN','Hyderabad',75340,7
603,'NGTRU','QYYAE','Mumbai',69418,8
604,'ECHYM','WJAJH','Hyderabad',78061,2
605,'EFQGN','JOUIA','New Delhi',39667,1
606,'WEBYR','NHNTF','Bangalore',10573,9
607,'CZPTN','SITCQ','Hyderabad',75088,1
608,'FUBVQ','AZJDB','New Delhi',75199,0
609,'NQBTW','CRJPJ','New Delhi',80493,6
610,'BERII','XTTAW','New Delhi',33153,7
611,'QUFVY','ZFVWS','Mumbai',74837,9
612,'RBHWD','RXQIR','Mumbai',91452,2
613,'FELTP','GDPDM','Bangalore',89487,9
614,'XNIEH','CLLYT','Mumbai',34660,7
615,'FIFEJ','OVJTW','Mumbai',78308,5
616,'OCSFB','DMKJK','Bangalore',12653,2
617,'ZGHMY','FJRGT','New Delhi',49260,6
618,'BFJPQ','ZDUXX','Hyderabad',33484,6
619,'ASUCE','OEUDM','New Delhi',26313,3
620,'TCFZD','LRSXS','New Delhi',70796,7
621,'LKPOE','OTIQB','Mumbai',82901,3
622,'MXORH','NHYFZ','Mumbai',48703,2
623,'RBJVW','YIDCS','Mumbai',36595,4
624,'ZQQHR','QRHWN','New Delhi',23738,9
625,'GNGFI','BRMGX','Mumbai',60157,0
626,'AUFGN','ZQZQV','New Delhi',15739,4
627,'MINSN','CBUPQ','Hyderabad',36122,2
628,'XEXNX','RAIEI','Mumbai',71269,5
629,'IWVCH','QIZDO','New Delhi',10817,7
630,'MHOQY','BEXNT','New Delhi',88837,1
631,'ZNTMK','LKNTI','New Delhi',74857,9
632,'DKRGK','HSIEL','Mumbai',89828,6
633,'OEVHB','MKLYH','Hyderabad',91025,4
634,'SHDXX','LYTQA','Hyderabad',29198,2
635,'TILGE','JOWXH','Bangalore',40336,2
636,'BILIM','ZLVMQ','Mumbai',34934,2
637,'WGZMR','TBTZP','New Delhi',46379,6
638,'AJBTG','SOBJU','Mumbai',36284,4
639,'LHUFY','MLDHU','Bangalore',61066,5
640,'TMGAX','DPEQG','Hyderabad',72416,6
641,'GXCRB','BPRFM','New Delhi',41064,2
642,'JQBIA','XEWVT','Bangalore',50810,3
643,'HQMPW','SPWAY','Hyderabad',77112,1
644,'NLDOJ','ZWRFT','Mumbai',20270,8
645,'BOYKE','NHIJE','New Delhi',61305,0
646,'TAXSZ','MCKAG','Bangalore',11331,9
647,'COJLR','JHXDY','Mumbai',68923,0
648,'GFXNS','LVLKH','Mumbai',85367,6
649,'QSQBQ','JTYWL','Hyderabad',14565,6
650,'BGTSY','GAXPO','New Delhi',34885,2
651,'GNOHL','FMMMG','New Delhi',89606,3
652,'IXZLF','IVRMD','Mumbai',58638,0
653,'UQHJC','JGKIP','Bangalore',74648,6
654,'KXAGO','WOFOK','Hyderabad',15959,6
655,'ETIJB','WQVWI','New Delhi',10473,8
656,'KAREN','RJMSX','Hyderabad',25117,8
657,'GPTAT','ZNVDV','Hyderabad',55889,2
658,'TAZJQ','GFHTF','New Delhi',96462,4
659,'BPKUF','KIXAQ','Hyderabad',83338,0
660,'HKJEY','VBOHZ','Mumbai',55624,0
661,'RDSZB','UKAXT','Mumbai',19888,2
662,'AHCZB','MHITZ','Mumbai',32783,3
663,'WZRLA','RKXOL','Hyderabad',13268,7
664,'KFEGQ','TJQUU','Mumbai',88173,3
665,'WKNFZ','AXMMJ','Bangalore',46040,6
666,'ZUSPT','HUGES','New Delhi',85882,3
667,'NADKW','SZDVJ','Mumbai',86207,8
668,'DKZEH','ZUITN','New Delhi',51858,4
669,'TUNYS','GTYVQ','Bangalore',71020,4
670,'XDXSY','GLHCT','Hyderabad',27904,9
671,'PNMOI','SNSKI','Bangalore',85761,2
672,'PAFVF','ELSSR','Bangalore',53971,5
673,'UZIZX','NIBNJ','New Delhi',66915,2
674,'FVXWM','JFSHF','Mumbai',26287,4
675,'AJVVJ','AHIHV','Mumbai',91914,1
676,'ZALCW','RCWXB','Bangalore',80698,6
677,'GJFEQ','HKSTF','New Delhi',52144,1
678,'BSTXL','LSZEP','New Delhi',99123,1
679,'VBFSE','YAPQF','Mumbai',41182,4
680,'KZABC','DHYIR','Hyderabad',36686,0
681,'FOOTZ','WDKXB','New Delhi',94043,4
682,'TVVUN','BMSNK','Mumbai',79034,8
683,'MXFPA','MGXKL','New Delhi',78062,6
684,'MMYSI','RQAFH','Hyderabad',68184,2
685,'JEYUT','NHIKS','Bangalore',15174,4
686,'WJRED','GSEJM','New Delhi',43094,9
687,'UVBOS','VMDUR','Mumbai',42082,4
688,'QMJJN','TTGLG','Bangalore',51044,2
689,'KMEBK','VPZRZ','New Delhi',62125,1
690,'EVBLO','FBXLM','Bangalore',97607,1
691,'FXLMQ','TPCDP','Mumbai',56814,2
692,'XDGBA','WULKY','Mumbai',84766,2
693,'FZHVK','MMVSC','New Delhi',97767,4
694,'KJQWI','AIURS','Mumbai',30545,1
695,'TLMOI','UCAKI','New Delhi',77969,6
696,'CRXZP','YDECU','Hyderabad',48260,8
697,'UIOPH','SXRFZ','New Delhi',51739,7
698,'DTJYJ','FSKGJ','Mumbai',17799,5
699,'BCXFK','NARUX','Hyderabad',37027,4
700,'KRMNY','PQZJL','Mumbai',15401,4
701,'UDEGA','YDCUB','Mumbai',17488,3
702,'PVBGE','HVROD','Mumbai',63253,6
703,'URAXA','ORPOB','Bangalore',50157,8
704,'XXANQ','PYZYY','Mumbai',15344,1
705,'VWKTD','WYYQC','Mumbai',48638,6
706,'NKVNA','EXLJW','Hyderabad',88206,4
707,'OIYYX','YHQIK','Bangalore',81833,9
708,'MKNEG','FQEPL','Mumbai',37444,2
709,'RLXHB','LCLSN','Bangalore',75975,9
710,'CVZRW','ECCMN','Hyderabad',25197,0
711,'MOVWZ','FARIW','Mumbai',59586,3
712,'SJFIY','ECFOK','Hyderabad',51243,3
713,'OGSYM','TVDXJ','Bangalore',83349,1
714,'LJJXX','BJIAP','New Delhi',27184,6
715,'AONDS','SSCEY','Bangalore',90761,5
716,'ZNGCM','QSMFY','Mumbai',17183,4
717,'WJBKF','BCVSH','Hyderabad',71302,2
718,'MNBIS','EJBIV','New Delhi',31738,5
719,'IBAOV','CTZQY','Bangalore',63570,7
720,'MZGAR','VWOJY','Bangalore',76291,3
721,'CNMTD','HUHYQ','New Delhi',58003,3
722,'XMHZB','ACXDF','Mumbai',99289,8
723,'HFUJH','XLQHG','New Delhi',55863,4
724,'ACQDP','PLPAE','Bangalore',14496,5
725,'AOSOB','CQTNL','New Delhi',11348,5
726,'TDXUI','IVIZI','Hyderabad',82772,9
727,'MJGQO','WLUHN','New Delhi',81035,6
728,'WNAMF','ARUNF','New Delhi',47335,1
729,'EBOYN','UPQES','New Delhi',35191,3
730,'MKFIT','RURTI','Mumbai',67443,6
731,'XXUNG','BVAYQ','New Delhi',53291,5
732,'WYMIR','OAFJF','Bangalore',28932,6
733,'VJIDP','IVCWH','Hyderabad',52815,7
734,'FVEQO','UOBWW','Hyderabad',93360,1
735,'YWMYT','PPLHS','Bangalore',99832,5
736,'QBXPV','LDFKS','Mumbai',36848,4
737,'CWWDM','UZDCC','Mumbai',11472,8
738,'KSBSK','WKFSV','Bangalore',24925,9
739,'VRAQM','RYWSW','Hyderabad',39908,6
740,'CWBDG','XHSRG','Hyderabad',48423,4
741,'JLOFT','KOJJT','Bangalore',95523,0
742,'SHBXZ','AQPSD','New Delhi',22373,5
743,'GIMPD','XQNOB','Hyderabad',74797,8
744,'LJIRL','VUAKF','Bangalore',88918,9
745,'XBAKG','LNXOU','Mumbai',39791,4
746,'JJCKS','FLXWD','Hyderabad',66056,4
747,'CPDEK','DJBXN','New Delhi',19574,3
748,'CBRLP','ZRNVE','Bangalore',14048,9
749,'AVDYX','PEBXB','New Delhi',46335,6
750,'WWQCI','REROE','Hyderabad',37090,8
751,'XYHII','OAIIJ','Bangalore',54675,2
752,'FSKQT','CKFWJ','Bangalore',98942,5
753,'CSAPZ','QOUKY','Hyderabad',12626,7
754,'CLDAQ','KZOOQ','Bangalore',39116,2
755,'YWQVY','IVFZH','Mumbai',67996,3
756,'YTTVY','WFKMH','New Delhi',24680,2
757,'YSHMZ','PIYUE','New Delhi',17684,9
758,'JMFUG','KKPAK','New Delhi',89653,2
759,'ATNJY','JBRDE','Mumbai',92863,8
760,'LXGZI','WUFAK','Mumbai',82369,6
761,'ZPQTI','TOAFP','Bangalore',41793,8
762,'QSMEQ','EQZNV','Mumbai',44391,1
763,'AWALL','NWJDN','Mumbai',77435,8
764,'NRMHE','CNPPX','New Delhi',75063,9
765,'TDVYR','MTAML','Mumbai',43704,2
766,'MAZEJ','EVQKH','New Delhi',99197,1
767,'SOJLH','HEDBT','Hyderabad',71688,4
768,'OXCPO','VIYRD','Hyderabad',45538,0
769,'BLLVM','YMLVM','Mumbai',72927,2
770,'GJYHP','ZGCUN','Hyderabad',24850,0
771,'LUYAJ','UBJMO','Mumbai',39835,4
772,'BWBZZ','WOPBM','Hyderabad',19507,2
773,'VHERT','JHOEH','Hyderabad',24056,1
774,'DSFBL','VQUBS','New Delhi',40860,2
775,'GFMTV','OINMN','New Delhi',53140,9
776,'TLGOJ','QWIQD','Bangalore',77834,7
777,'HWXPH','SGXTZ','New Delhi',61399,1
778,'MHKIY','TPJXX','Mumbai',45032,5
779,'BIYIF','OSETJ','New Delhi',39704,1
780,'HFRPR','CUTKC','Hyderabad',73775,5
781,'QSDHY','OPTEW','New Delhi',49223,0
782,'AZKSC','ORVTT','Hyderabad',98423,8
783,'QXSRV','ASGZI','Mumbai',42278,8
784,'GJVDG','DTTYI','Bangalore',38865,6
785,'CSMWI','FCQAD','New Delhi',95399,6
786,'WUKPO','XPGBL','Mumbai',81211,1
787,'GOPLJ','GSOPL','New Delhi',71546,5
788,'MZAOG','CWQZY','Mumbai',67890,8
789,'AIXZA','LYNNU','New Delhi',18190,2
790,'GKKQB','YZQEP','Hyderabad',50570,3
791,'FULST','BXEPC','New Delhi',32767,7
792,'JVFMW','HHNJR','New Delhi',35614,7
793,'ZJLDA','IZXKG','New Delhi',76131,6
794,'TYDSH','ATQRJ','Bangalore',23865,9
795,'GWZQH','IXQOK','Bangalore',20036,3
796,'IRHIQ','PBSHT','Mumbai',16423,8
797,'PJDNG','YQISV','Hyderabad',12141,4
798,'NRUSR','ZBCVE','Hyderabad',13842,7
799,'TRQMH','VYSWN','Hyderabad',16864,0
800,'PMLUI','RHPBL','Mumbai',80067,7
801,'XJQEM','LDSNM','New Delhi',44102,0
802,'FQACZ','CVAOH','Mumbai',25052,9
803,'UNZKF','QJDAK','Hyderabad',85451,4
804,'PAHQW','LAMAL','New Delhi',11462,7
805,'MTCQM','DNLEE','Mumbai',35769,9
806,'KALBY','BOGNP','Bangalore',40615,5
807,'QGBYW','CFDWX','Mumbai',51112,4
808,'GSUYN','HZLAY','Bangalore',34845,5
809,'LKBDA','GEHTI','Mumbai',18950,5
810,'NSBPY','SWMAQ','Bangalore',84769,6
811,'FIXKJ','QVYQN','New Delhi',33030,2
812,'GASKP','CMGVS','Bangalore',71438,0
813,'WUSWU','XHWZQ','New Delhi',41107,3
814,'QCAFK','TWWJF','Mumbai',68917,4
815,'MKAUT','AGFBC','Mumbai',37968,0
816,'PKAUR','RJGBC','Hyderabad',57377,8
817,'KDMSD','SXJHI','New Delhi',88426,4
818,'RIHHA','HKQMG','New Delhi',98267,3
819,'AOUFF','XTEFN','Bangalore',66741,0
820,'CVNXA','IXFXX','Hyderabad',11072,9
821,'XSXDK','JQYYR','New Delhi',98751,0
822,'DHRQI','XEAGZ','Bangalore',83333,1
823,'KSJLB','ANOKM','Mumbai',63098,8
824,'FHFOK','KFABK','Bangalore',29678,9
825,'DNOOI','GXSKQ','Hyderabad',51127,4
826,'FKRZV','VUVHS','Bangalore',33753,8
827,'KEWUR','KAYNI','New Delhi',72826,3
828,'TLACJ','AUNPE','Bangalore',66238,5
829,'YRMTQ','EARDA','New Delhi',85391,6
830,'FWJYI','IKTNB','Hyderabad',89839,7
831,'WALMF','FAOIT','Bangalore',57634,0
832,'WPDRG','FJBWU','New Delhi',60953,0
833,'UGBHX','BFRBN','Bangalore',47125,8
834,'WAQSI','IWXYA','Hyderabad',59793,9
835,'UGBCF','IYXKT','Hyderabad',23830,3
836,'YIFEF','JPJIO','Hyderabad',65448,6
837,'LCQWJ','SAIWT','New Delhi',95871,1
838,'RTWVZ','QKCVB','Bangalore',13595,3
839,'BCYSZ','UAHKI','Hyderabad',28780,3
840,'JGTUR','OXIKG','Bangalore',87473,0
841,'LLBYH','SMOVG','Hyderabad',64339,6
842,'EODNI','AUNOJ','New Delhi',99705,2
843,'BGCBF','GZOKS','Mumbai',28178,8
844,'VTIIX','KUJLG','Bangalore',20083,2
845,'YHULA','ZJGIV','Bangalore',74869,6
846,'YMRDS','ZGAAO','Hyderabad',54257,5
847,'RKDLV','OGBFT','New Delhi',84128,6
848,'TJFBF','OSEWL','New Delhi',89785,9
849,'MIBIL','XOFDZ','Bangalore',89077,3
850,'LADTQ','HPJDT','New Delhi',90885,2
851,'THHLC','FMUGX','Hyderabad',71926,0
852,'WIPVM','ISABQ','Mumbai',65707,8
853,'GMZUO','EJSJN','Bangalore',24380,5
854,'KCAHN','GZGUV','Mumbai',95788,9
855,'QMTDH','ZYMAT','Mumbai',33539,4
856,'NQLGH','YXVJH','Bangalore',99507,9
857,'MZCQW','ARHWC','New Delhi',79826,6
858,'PSTUT','PVGFE','Bangalore',79731,6
859,'ERJHI','GLKFC','Bangalore',95467,7
860,'CTTJO','IVODZ','Mumbai',12043,5
861,'UOHZN','IYDEK','Bangalore',16370,7
862,'DYSKP','MNSBE','Bangalore',60775,4
863,'KNOFA','EWKWS','Mumbai',71513,2
864,'VKZNB','VVFMZ','Hyderabad',95413,9
865,'WHJST','RIRDV','Bangalore',88939,4
866,'TFZUC','OVGVL','Bangalore',44556,3
867,'VOQQY','RXUJS','Bangalore',59439,7
868,'ZCSNB','KHDIN','Hyderabad',62635,3
869,'LJDXR','YOTJR','Bangalore',15523,8
870,'HRAGH','OGAHO','Bangalore',77043,3
871,'VXUFI','TOKXP','Mumbai',79347,1
872,'GZOVE','SUSVQ','New Delhi',35832,7
873,'MTBBN','PVGYP','Mumbai',99475,3
874,'XPBUB','KWWFM','Bangalore',88378,3
875,'BHMNP','EVABQ','Hyderabad',52581,6
876,'LQBMQ','MTUVW','Bangalore',56763,5
877,'TEJSB','TCTIT','Bangalore',36511,8
878,'ZTBGH','YJUUI','Mumbai',35745,9
879,'ZMMZJ','BOXSA','Hyderabad',87900,8
880,'XCVIW','AARXE','Bangalore',23264,9
881,'AHSCB','RKUTC','New Delhi',90136,5
882,'WBWTK','YPELT','Hyderabad',26239,9
883,'TVSQR','KIKOH','Bangalore',81775,6
884,'RAHHO','UBMAV','New Delhi',59556,2
885,'EOGSQ','OMOHT','Bangalore',79219,8
886,'NBCAN','TITWL','New Delhi',91599,0
887,'XZONA','DAEGG','Bangalore',30962,6
888,'DXQZG','DRVDH','Bangalore',35154,3
889,'SQYVK','UNALV','Mumbai',83074,0
890,'FKDVZ','KKNIE','New Delhi',39797,1
891,'XWPQA','MCTOV','Bangalore',17542,8
892,'DILYR','IDLCW','New Delhi',83366,9
893,'QJWTF','OLJRW','Mumbai',59728,4
894,'TUOIW','OHPEX','Bangalore',33967,0
895,'FWJPZ','RCFRL','Bangalore',70221,4
896,'XRGDR','SOFXO','New Delhi',93680,3
897,'WVPOD','SVLBX','Hyderabad',16145,0
898,'CXEUY','WRRQV','Mumbai',32136,5
899,'VYIWV','THLZA','Mumbai',18031,0
900,'LKIXZ','QBLTL','New Delhi',64202,4
901,'JOKGC','NEZMN','Bangalore',53563,3
902,'ZRHKT','BQDZO','Bangalore',86267,4
903,'ACUEW','FNNNK','Bangalore',13640,7
904,'YJTWL','OYHWF','Bangalore',60522,7
905,'RCFIJ','PHLXS','Bangalore',21211,7
906,'LSQXW','TMRVQ','New Delhi',13952,4
907,'RBTAA','XYGTM','New Delhi',51890,0
908,'ZKCUZ','PNSMK','Hyderabad',21782,9
909,'BXQUI','NUYZS','Hyderabad',84993,9
910,'TREZE','HNEHN','Mumbai',65203,6
911,'NVIMF','MCSRV','Mumbai',15062,6
912,'IUIYL','JBDNZ','Bangalore',10564,2
913,'ITQRU','KQPMK','Hyderabad',75102,0
914,'VCJXK','PSBYZ','New Delhi',92689,0
915,'OSPFW','VGPYI','Bangalore',49229,0
916,'ZSOSU','ZGHVW','Hyderabad',18448,2
917,'TOQGZ','BAPNE','Hyderabad',49198,7
918,'EMTJS','STTGF','Hyderabad',59650,5
919,'AQMED','PQGOY','Mumbai',35761,9
920,'NAOHO','TDZHC','Bangalore',46476,4
921,'AEYUS','ISZLK','Bangalore',84271,3
922,'CQPKJ','TGICZ','Mumbai',41138,9
923,'JWOGI','IZPXD','New Delhi',70420,9
924,'GOYWY','JSHEO','Hyderabad',61001,8
925,'NDJUA','HCUUH','Hyderabad',42736,9
926,'JGTKV','UNUZB','New Delhi',37885,9
927,'KHDLG','TLXUA','Bangalore',24158,1
928,'MSRTF','RUPCM','Hyderabad',75213,7
929,'MWVOA','KXLUQ','New Delhi',12876,5
930,'ICFNW','TQCUL','New Delhi',79672,8
931,'MGNLT','FMOWI','Bangalore',20686,3
932,'CYRHD','BDTMZ','Hyderabad',58589,0
933,'SFVQY','COOGG','Hyderabad',83241,5
934,'LOVOT','HWICT','Mumbai',25305,2
935,'FXENW','XDGZG','New Delhi',45763,1
936,'GEKLS','QYLAA','Hyderabad',75656,7
937,'ZAVOB','VUOCF','Bangalore',68060,3
938,'NWZAP','OGEOW','Bangalore',74539,8
939,'WLWXK','UZGYR','Mumbai',37364,2
940,'JQGEF','UNXXU','New Delhi',28244,9
941,'DRJXZ','PSMVH','Mumbai',57646,8
942,'OUDGT','WZSZD','Bangalore',56882,9
943,'MZECK','MTWMB','Mumbai',38186,1
944,'RQBOI','SWJJT','Mumbai',20706,3
945,'JOTPJ','BOYMC','New Delhi',77872,6
946,'QLBDK','ARGVK','Mumbai',50097,1
947,'VHTHI','JENVO','Bangalore',28097,0
948,'OBVOZ','LMSRF','Hyderabad',39101,6
949,'GRMUL','PACUC','Hyderabad',13609,6
950,'WANUN','LXFOV','Mumbai',40666,8
951,'UTDIC','NCJQT','New Delhi',97862,5
952,'ERTWZ','ONOUI','New Delhi',28280,4
953,'QNRDE','TYOBJ','Hyderabad',70542,3
954,'JIWGA','VFFQZ','New Delhi',26477,0
955,'KHSSS','CEWGQ','Bangalore',98159,4
956,'GXYYH','FBGYB','Mumbai',74806,2
957,'UTCWC','LSGQC','New Delhi',89617,7
958,'EQZXC','XFKOA','New Delhi',44441,0
959,'TVBLY','IUDLU','Bangalore',92689,4
960,'KKKAE','WGLCQ','Bangalore',22726,9
961,'CFDXC','ERGFC','New Delhi',23522,4
962,'WGPNM','SYKMA','New Delhi',11772,1
963,'PSMSV','YBHRM','Bangalore',88457,3
964,'ZCVDQ','RKDEO','Mumbai',51652,9
965,'SYKAZ','JLOUD','Hyderabad',89307,2
966,'OFIQB','FFBJB','Hyderabad',83857,6
967,'TBETV','KKSHW','Hyderabad',37860,1
968,'BUGRJ','JABGH','Mumbai',23293,3
969,'CALKW','QXHWW','Mumbai',22183,4
970,'NZXCS','KIUQD','Mumbai',93456,1
971,'UYZEY','NLSST','Mumbai',20269,2
972,'SQUVO','WSTVV','Bangalore',88867,1
973,'MUASG','BUMQO','Bangalore',42507,5
974,'UVOHN','BBVSG','Hyderabad',30514,9
975,'ABLQQ','ZQEMI','Hyderabad',60683,0
976,'RAVFN','UIQTA','Mumbai',53047,6
977,'RNBGC','UTMSD','Bangalore',16434,3
978,'USNEO','DTWEA','Hyderabad',86595,5
979,'CAITA','JAVCR','Hyderabad',75802,8
980,'MICUG','GAPSD','Hyderabad',91174,7
981,'XCZMG','YSVJT','Bangalore',77093,8
982,'ULMIF','OFNZQ','Mumbai',64512,8
983,'SYEBJ','VXXRM','Mumbai',72522,9
984,'PNUWZ','SNHFU','New Delhi',52934,8
985,'JNTIX','EXGXM','New Delhi',97523,1
986,'VYIUE','OKKZP','New Delhi',45813,9
987,'WSOJG','PHMCH','Bangalore',22120,5
988,'EDGMR','HTUXH','Mumbai',49702,1
989,'NEFGE','AVBZS','Mumbai',59675,4
990,'JWKRS','BUDTF','Hyderabad',33903,8
991,'LRRFW','SANZU','Bangalore',74314,0
992,'WCDFS','ZBYCC','Hyderabad',69589,6
993,'BGIRG','XVNMZ','New Delhi',98298,3
994,'AYTBI','PKIZZ','Bangalore',80216,2
995,'MQCMX','OMSRH','Hyderabad',13865,4
996,'YZRZC','JSXJE','Hyderabad',68092,0
997,'ZIXCW','FYMUV','Mumbai',75244,0
998,'NKDNV','LODQN','Bangalore',66528,3
999,'YNLQG','GDXOT','Hyderabad',22733,5
