0,'e','e','New Delhi',54598,0
1,'h','b','Bangalore',94408,3
2,'d','a','Mumbai',93706,2
3,'c','f','Bangalore',34031,0
4,'e','a','Hyderabad',81568,1
5,'c','h','Hyderabad',54074,3
6,'c','b','Hyderabad',61445,9
7,'g','a','Hyderabad',76430,3
8,'a','b','New Delhi',41238,0
9,'c','f','Hyderabad',43042,3
10,'h','f','Hyderabad',25781,9
11,'b','b','Hyderabad',28709,5
12,'f','d','Mumbai',24160,1
13,'f','h','Mumbai',62135,4
14,'d','f','Hyderabad',42970,2
15,'d','e','Mumbai',94423,3
16,'g','f','New Delhi',98267,6
17,'g','d','Bangalore',44785,2
18,'e','f','Hyderabad',61359,3
19,'c','b','Hyderabad',10061,1
20,'f','b','Hyderabad',50800,8
21,'f','h','Bangalore',47921,8
22,'h','g','Bangalore',11614,0
23,'h','e','Mumbai',20261,3
24,'e','d','Bangalore',71352,0
25,'c','d','Bangalore',11214,9
26,'g','h','Mumbai',30142,2
27,'b','f','Bangalore',84828,2
28,'d','b','New Delhi',16870,1
29,'f','e','Hyderabad',98687,7
30,'d','a','New Delhi',63851,0
31,'d','b','Mumbai',90162,3
32,'d','g','Bangalore',29068,4
33,'a','b','Hyderabad',61891,9
34,'a','g','Mumbai',67045,1
35,'e','b','Hyderabad',43335,1
36,'b','b','Mumbai',39343,3
37,'h','g','Bangalore',22319,1
38,'f','g','New Delhi',74046,5
39,'d','e','Bangalore',89661,9
40,'h','g','New Delhi',86892,9
41,'c','f','Mumbai',49039,8
42,'b','b','Hyderabad',97712,4
43,'b','f','Bangalore',66414,9
44,'f','b','Mumbai',71075,3
45,'b','d','New Delhi',60502,5
46,'h','g','Mumbai',59291,3
47,'c','c','Mumbai',77519,3
48,'a','b','Mumbai',35973,4
49,'e','e','Hyderabad',23559,4
50,'h','f','New Delhi',11826,6
51,'e','g','Hyderabad',71797,5
52,'b','c','New Delhi',24016,8
53,'d','c','Mumbai',33226,5
54,'a','d','Mumbai',61264,5
55,'a','d','New Delhi',67632,8
56,'f','f','Mumbai',22839,0
57,'c','h','Bangalore',79541,9
58,'g','d','New Delhi',51112,8
59,'h','d','Bangalore',17206,8
60,'a','f','New Delhi',39605,3
61,'g','f','Mumbai',89035,2
62,'g','a','New Delhi',26058,5
63,'h','e','New Delhi',29437,6
64,'g','f','Bangalore',32385,6
65,'c','h','New Delhi',54981,6
66,'f','c','Bangalore',59948,7
67,'d','b','New Delhi',41799,2
68,'e','a','Mumbai',68746,6
69,'a','d','Hyderabad',21778,4
70,'f','g','New Delhi',44037,1
71,'c','g','New Delhi',77273,6
72,'h','h','Hyderabad',74094,4
73,'c','g','Mumbai',88397,1
74,'h','a','Hyderabad',43662,5
75,'a','h','Bangalore',81050,9
76,'a','c','New Delhi',50115,0
77,'d','g','Mumbai',85624,4
78,'f','c','Bangalore',61205,0
79,'g','a','Bangalore',31967,7
80,'f','d','Hyderabad',87883,8
81,'f','f','Bangalore',65489,9
82,'b','g','Mumbai',33956,2
83,'g','f','Bangalore',41924,1
84,'d','d','New Delhi',76155,7
85,'c','a','New Delhi',93031,8
86,'f','g','New Delhi',48354,5
87,'h','h','Bangalore',43735,4
88,'c','d','Bangalore',96562,4
89,'c','h','Bangalore',30290,0
90,'d','g','Hyderabad',13885,9
91,'g','g','Hyderabad',28824,3
92,'b','e','Mumbai',96183,0
93,'a','d','Hyderabad',91955,2
94,'a','d','Mumbai',44541,0
95,'c','h','Bangalore',42398,4
96,'g','d','Bangalore',91652,6
97,'h','e','Mumbai',42353,0
98,'d','e','New Delhi',11079,3
99,'a','c','Hyderabad',93336,6
100,'c','h','New Delhi',64865,8
101,'d','h','Mumbai',28277,3
102,'a','e','Bangalore',78220,9
103,'d','b','Hyderabad',40072,5
104,'d','e','New Delhi',33796,3
105,'d','a','New Delhi',39662,9
106,'b','c','Bangalore',48431,9
107,'h','f','Bangalore',56833,2
108,'h','h','Hyderabad',26719,0
109,'c','c','New Delhi',94398,8
110,'h','h','Bangalore',38775,6
111,'f','d','New Delhi',43803,6
112,'e','c','Mumbai',54715,1
113,'h','f','Mumbai',41614,3
114,'e','c','Bangalore',85732,2
115,'f','g','Bangalore',48868,8
116,'a','e','Mumbai',66210,7
117,'h','a','Bangalore',23086,6
118,'b','g','New Delhi',21036,4
119,'g','c','Hyderabad',14280,1
120,'f','c','Bangalore',15544,6
121,'h','a','Mumbai',52570,8
122,'d','b','Hyderabad',99978,3
123,'d','b','Hyderabad',12534,4
124,'h','e','Bangalore',61801,0
125,'b','g','Bangalore',47608,9
126,'d','d','Bangalore',87094,9
127,'b','h','Mumbai',10984,6
128,'a','g','Hyderabad',63023,2
129,'h','g','New Delhi',43746,9
130,'f','d','Bangalore',13184,1
131,'c','g','Mumbai',40092,5
132,'b','g','Bangalore',35027,3
133,'b','e','Mumbai',85509,4
134,'f','e','Hyderabad',43945,1
135,'f','e','New Delhi',32155,0
136,'c','b','Bangalore',18758,6
137,'f','f','New Delhi',42697,7
138,'d','e','Mumbai',22292,2
139,'c','f','New Delhi',86661,4
140,'f','e','Hyderabad',98084,1
141,'g','b','Hyderabad',11221,0
142,'f','f','Hyderabad',70484,6
143,'b','c','Hyderabad',17776,6
144,'e','h','Bangalore',50117,2
145,'b','g','Mumbai',99529,0
146,'a','h','Hyderabad',25966,7
147,'c','d','New Delhi',21787,4
148,'c','e','Bangalore',67670,6
149,'d','h','Hyderabad',45122,7
150,'b','f','Bangalore',73459,8
151,'f','g','Hyderabad',47188,5
152,'d','a','Bangalore',93803,5
153,'b','f','Mumbai',79528,0
154,'a','e','Mumbai',90808,0
155,'d','b','Mumbai',52434,6
156,'d','f','New Delhi',18151,8
157,'c','a','Bangalore',25961,7
158,'a','f','New Delhi',29458,8
159,'e','h','Hyderabad',28333,5
160,'g','c','Bangalore',27197,7
161,'c','h','New Delhi',45691,0
162,'d','a','Mumbai',59273,3
163,'c','a','Mumbai',26411,3
164,'c','e','Hyderabad',65291,0
165,'d','d','Mumbai',50021,8
166,'g','e','Mumbai',18808,5
167,'f','d','Hyderabad',88013,6
168,'h','a','Mumbai',20751,0
169,'f','a','New Delhi',91963,7
170,'a','d','Bangalore',15075,4
171,'e','d','Bangalore',60746,3
172,'c','a','New Delhi',11355,2
173,'c','f','Hyderabad',28690,0
174,'c','b','Bangalore',25442,3
175,'b','b','Hyderabad',85756,5
176,'b','g','New Delhi',63461,3
177,'h','g','Hyderabad',41557,9
178,'a','g','Hyderabad',62293,1
179,'d','h','Mumbai',29297,4
180,'g','g','Mumbai',95817,0
181,'d','a','Mumbai',29675,1
182,'a','f','Mumbai',87103,6
183,'f','b','New Delhi',44174,3
184,'c','g','New Delhi',24109,7
185,'h','f','Mumbai',68220,9
186,'g','g','Hyderabad',67130,4
187,'h','f','Hyderabad',67369,3
188,'d','c','Bangalore',68507,2
189,'b','b','Hyderabad',96478,3
190,'b','e','New Delhi',60931,5
191,'d','e','Mumbai',35042,3
192,'e','h','Hyderabad',80825,3
193,'d','a','Hyderabad',42816,9
194,'g','e','New Delhi',42944,7
195,'d','d','Mumbai',53726,8
196,'h','d','Hyderabad',86894,7
197,'h','c','Bangalore',48586,6
198,'g','b','Bangalore',40258,6
199,'e','f','New Delhi',66707,7
200,'g','f','New Delhi',91786,0
201,'h','a','Hyderabad',91772,5
202,'d','c','Bangalore',22591,4
203,'f','c','Hyderabad',61330,7
204,'a','c','Bangalore',60045,3
205,'f','a','Mumbai',66044,9
206,'e','e','Mumbai',24860,6
207,'d','h','New Delhi',52040,1
208,'e','d','Bangalore',60773,3
209,'e','c','Hyderabad',27687,7
210,'c','e','Bangalore',33718,5
211,'b','f','New Delhi',56469,6
212,'c','c','Bangalore',16465,6
213,'b','e','Mumbai',44741,6
214,'h','c','Mumbai',95992,5
215,'c','e','Bangalore',41099,7
216,'b','c','Hyderabad',92723,8
217,'f','d','New Delhi',57595,8
218,'f','f','Bangalore',95063,9
219,'d','h','New Delhi',30333,7
220,'e','a','Hyderabad',35479,8
221,'c','e','New Delhi',84985,2
222,'g','f','Mumbai',91799,1
223,'e','d','Hyderabad',96608,4
224,'c','g','Mumbai',57565,8
225,'g','f','Bangalore',15278,2
226,'g','d','Mumbai',45122,5
227,'b','g','Bangalore',89295,8
228,'c','h','Hyderabad',35676,1
229,'a','d','Bangalore',82799,0
230,'g','e','New Delhi',81327,7
231,'e','h','Hyderabad',85211,5
232,'g','b','New Delhi',26440,9
233,'f','f','Bangalore',46550,0
234,'b','c','Bangalore',41295,4
235,'h','c','Bangalore',70709,9
236,'b','h','Hyderabad',28902,4
237,'b','a','New Delhi',22117,5
238,'h','h','Hyderabad',93131,6
239,'c','c','Hyderabad',88415,2
240,'a','b','Mumbai',32626,2
241,'e','h','Hyderabad',71390,7
242,'f','b','Hyderabad',17215,8
243,'h','d','Hyderabad',96587,8
244,'g','h','Mumbai',63427,1
245,'a','h','Mumbai',21751,5
246,'b','d','Mumbai',62135,0
247,'e','f','New Delhi',75781,2
248,'e','a','Bangalore',68378,2
249,'h','g','Bangalore',29264,1
250,'c','b','Bangalore',64166,0
251,'f','c','Hyderabad',70133,5
252,'e','c','Hyderabad',51421,7
253,'e','h','Hyderabad',45655,5
254,'c','h','Hyderabad',22915,0
255,'d','h','Hyderabad',73620,7
256,'h','f','Bangalore',55707,9
257,'g','g','Mumbai',42951,8
258,'e','f','New Delhi',22529,6
259,'b','c','New Delhi',20017,7
260,'e','a','New Delhi',63642,8
261,'h','e','New Delhi',99040,5
262,'c','h','Hyderabad',46103,6
263,'e','e','Bangalore',19786,5
264,'a','f','Hyderabad',81227,5
265,'d','e','New Delhi',69832,6
266,'h','h','Hyderabad',95820,0
267,'d','g','Mumbai',46341,1
268,'e','f','Mumbai',72251,8
269,'a','b','New Delhi',30965,2
270,'c','c','Bangalore',93667,0
271,'f','h','Hyderabad',80559,0
272,'f','d','Bangalore',57558,2
273,'h','a','Hyderabad',49693,4
274,'h','g','Mumbai',91158,4
275,'g','b','New Delhi',35303,1
276,'h','f','Mumbai',89567,2
277,'g','g','Bangalore',17614,3
278,'c','h','Hyderabad',15200,0
279,'g','a','Bangalore',64920,2
280,'h','c','Mumbai',18275,3
281,'d','d','Hyderabad',63250,1
282,'c','c','Hyderabad',57122,8
283,'b','f','Mumbai',74951,4
284,'f','d','Bangalore',72339,9
285,'b','d','Hyderabad',40045,2
286,'c','e','Bangalore',21612,1
287,'f','a','Bangalore',17504,5
288,'c','d','Hyderabad',42513,5
289,'a','h','New Delhi',54656,9
290,'h','c','Bangalore',47976,4
291,'g','g','New Delhi',71533,7
292,'e','d','Bangalore',30161,6
293,'d','d','Hyderabad',94068,4
294,'b','e','Mumbai',76336,3
295,'h','h','Hyderabad',97776,8
296,'a','h','New Delhi',90772,3
297,'f','a','Bangalore',83917,1
298,'h','g','Hyderabad',55421,1
299,'a','g','Bangalore',58696,1
300,'f','d','New Delhi',78495,8
301,'b','g','Bangalore',37486,8
302,'d','g','Hyderabad',50457,8
303,'c','e','Bangalore',38991,4
304,'f','a','Mumbai',86825,6
305,'f','a','Bangalore',22609,6
306,'h','d','New Delhi',89040,8
307,'b','g','Bangalore',27192,6
308,'d','g','Hyderabad',71883,3
309,'b','c','New Delhi',91852,5
310,'b','a','New Delhi',73076,4
311,'c','a','Bangalore',43716,5
312,'g','g','Hyderabad',17703,6
313,'b','a','Hyderabad',66372,1
314,'g','b','Bangalore',85434,6
315,'a','g','New Delhi',77766,9
316,'a','h','Bangalore',19090,9
317,'h','e','New Delhi',35858,3
318,'h','c','New Delhi',83225,7
319,'d','g','Bangalore',63152,9
320,'g','e','Hyderabad',54060,5
321,'c','a','New Delhi',31040,2
322,'f','c','Bangalore',92912,3
323,'c','h','Mumbai',32503,1
324,'b','h','Mumbai',75092,6
325,'b','h','Bangalore',75655,4
326,'c','g','Bangalore',65483,8
327,'c','h','Bangalore',67683,1
328,'g','g','Hyderabad',76269,8
329,'g','a','New Delhi',99156,7
330,'a','c','Mumbai',91420,6
331,'g','d','New Delhi',73178,0
332,'d','d','Mumbai',94011,7
333,'c','c','New Delhi',80626,3
334,'b','h','New Delhi',70820,1
335,'a','h','Hyderabad',30184,6
336,'e','h','New Delhi',34670,3
337,'g','h','Mumbai',46109,7
338,'g','e','Bangalore',68496,4
339,'e','a','Mumbai',73625,2
340,'b','d','Mumbai',81546,9
341,'b','h','Bangalore',70019,3
342,'c','c','Hyderabad',60510,5
343,'e','c','Bangalore',84516,1
344,'b','d','New Delhi',61857,1
345,'e','g','Hyderabad',93374,1
346,'f','d','New Delhi',29479,1
347,'g','g','New Delhi',37443,9
348,'a','g','New Delhi',39630,0
349,'d','e','Bangalore',88330,5
350,'h','d','Bangalore',14875,9
351,'a','d','New Delhi',42181,0
352,'a','b','Mumbai',43794,7
353,'d','f','Mumbai',58326,2
354,'a','h','Bangalore',43897,5
355,'d','c','New Delhi',77478,9
356,'e','f','New Delhi',35520,3
357,'b','b','Mumbai',95554,9
358,'h','b','Bangalore',75458,2
359,'d','e','Bangalore',97392,4
360,'b','b','New Delhi',73871,1
361,'e','f','Mumbai',46013,4
362,'c','e','Mumbai',67002,0
363,'d','b','New Delhi',96261,8
364,'d','b','Bangalore',26077,8
365,'a','a','Hyderabad',97155,9
366,'b','a','Bangalore',76185,7
367,'a','a','Hyderabad',50927,0
368,'f','h','Bangalore',87457,3
369,'e','f','Hyderabad',18806,6
370,'e','a','Bangalore',68624,1
371,'e','g','Bangalore',62955,4
372,'d','a','Hyderabad',18196,6
373,'b','e','Bangalore',78477,0
374,'b','e','Mumbai',99705,4
375,'h','c','Mumbai',45045,9
376,'b','e','Mumbai',11856,0
377,'e','a','Mumbai',85258,3
378,'h','a','Bangalore',88526,0
379,'b','d','Hyderabad',45910,4
380,'g','b','New Delhi',28730,6
381,'a','e','Bangalore',31845,7
382,'e','c','Bangalore',32766,3
383,'c','c','Mumbai',97339,5
384,'g','e','Mumbai',38641,7
385,'h','f','New Delhi',11955,7
386,'f','g','Mumbai',18226,0
387,'b','e','New Delhi',61224,5
388,'d','h','Mumbai',96054,6
389,'a','a','New Delhi',29364,6
390,'a','h','Mumbai',53491,4
391,'h','e','Bangalore',77459,2
392,'c','h','Hyderabad',45631,9
393,'e','d','Hyderabad',43669,3
394,'b','b','Mumbai',26230,0
395,'d','c','Bangalore',44005,7
396,'c','e','Bangalore',15787,1
397,'f','h','Mumbai',52294,8
398,'c','d','Hyderabad',89503,7
399,'d','g','Bangalore',52873,2
400,'e','a','Bangalore',34068,6
401,'b','b','Bangalore',48722,8
402,'c','c','New Delhi',13448,4
403,'g','a','New Delhi',91946,3
404,'e','a','Bangalore',76821,6
405,'b','b','Mumbai',63627,6
406,'e','f','Bangalore',14560,8
407,'b','g','Hyderabad',51158,8
408,'c','b','Bangalore',87556,4
409,'c','c','Mumbai',54380,0
410,'b','c','New Delhi',97756,9
411,'f','g','Mumbai',52936,1
412,'a','f','Bangalore',42668,6
413,'g','c','New Delhi',47548,9
414,'g','h','Mumbai',31009,4
415,'g','d','Bangalore',59801,4
416,'e','g','Bangalore',62302,6
417,'g','c','New Delhi',96839,3
418,'b','d','Mumbai',70644,0
419,'d','e','Hyderabad',19508,1
420,'d','b','Hyderabad',28616,7
421,'c','b','Bangalore',25793,5
422,'f','h','Mumbai',65088,1
423,'a','f','Hyderabad',94394,0
424,'b','b','Mumbai',27224,5
425,'g','f','Hyderabad',21991,0
426,'f','c','Mumbai',52304,6
427,'e','b','Bangalore',36937,1
428,'b','a','Mumbai',97588,3
429,'f','b','Mumbai',65127,8
430,'h','c','Hyderabad',27774,3
431,'c','b','Mumbai',42534,2
432,'g','h','Bangalore',32007,4
433,'c','d','Mumbai',64686,4
434,'b','f','Mumbai',95916,3
435,'d','f','New Delhi',49511,4
436,'e','b','Hyderabad',39180,1
437,'c','a','Bangalore',93597,7
438,'f','f','Hyderabad',34490,1
439,'d','f','New Delhi',16980,1
440,'c','h','Hyderabad',53066,2
441,'e','e','Bangalore',28033,5
442,'f','g','New Delhi',93522,0
443,'c','c','Bangalore',12096,5
444,'c','g','Mumbai',43504,6
445,'c','h','Hyderabad',18115,9
446,'g','b','New Delhi',31004,3
447,'f','h','Mumbai',84972,6
448,'f','d','Bangalore',11337,0
449,'a','f','New Delhi',44541,9
450,'g','d','Mumbai',35331,5
451,'b','b','Mumbai',28378,5
452,'b','c','New Delhi',82972,2
453,'g','a','New Delhi',62508,8
454,'g','b','New Delhi',86511,5
455,'c','a','Hyderabad',85873,2
456,'b','e','Mumbai',40403,3
457,'b','a','New Delhi',75741,1
458,'d','d','New Delhi',68737,6
459,'e','g','Mumbai',24597,9
460,'f','h','Hyderabad',32881,4
461,'g','h','Hyderabad',36275,5
462,'b','a','Mumbai',21522,4
463,'e','c','Hyderabad',62254,3
464,'d','c','Bangalore',94111,4
465,'c','f','Mumbai',67288,9
466,'f','e','New Delhi',14902,2
467,'g','c','Hyderabad',66658,8
468,'b','h','Bangalore',88649,6
469,'h','a','Hyderabad',57939,9
470,'g','d','Mumbai',62123,6
471,'c','g','Mumbai',62558,2
472,'a','h','New Delhi',78649,4
473,'e','b','Bangalore',62941,2
474,'d','h','Bangalore',97600,1
475,'f','h','Hyderabad',68961,0
476,'a','e','Hyderabad',81606,5
477,'h','f','Hyderabad',55685,9
478,'c','f','New Delhi',93941,9
479,'b','f','Mumbai',72495,8
480,'a','e','Mumbai',53951,8
481,'f','d','New Delhi',12209,0
482,'c','c','Bangalore',14420,2
483,'c','h','Bangalore',99503,5
484,'g','a','Hyderabad',43030,8
485,'c','d','Mumbai',36431,9
486,'h','c','Hyderabad',42374,2
487,'e','h','Hyderabad',24043,3
488,'g','c','Hyderabad',89761,7
489,'d','g','New Delhi',12691,4
490,'f','d','New Delhi',25119,2
491,'d','b','Bangalore',63455,9
492,'c','a','Hyderabad',65467,5
493,'f','b','New Delhi',76156,7
494,'e','a','Hyderabad',51021,9
495,'g','f','Mumbai',72296,7
496,'e','d','New Delhi',32316,1
497,'b','g','New Delhi',77966,2
498,'a','c','Hyderabad',23748,8
499,'d','c','Hyderabad',90809,5
500,'h','e','Bangalore',55438,0
501,'b','a','Hyderabad',13553,3
502,'d','d','Mumbai',68507,2
503,'d','d','Mumbai',86457,7
504,'h','h','Hyderabad',90020,2
505,'a','e','New Delhi',19061,7
506,'c','b','Bangalore',30970,6
507,'h','e','New Delhi',66399,4
508,'h','h','Bangalore',42412,3
509,'c','b','New Delhi',49031,2
510,'g','h','Mumbai',38047,9
511,'b','h','New Delhi',39741,1
512,'f','e','Hyderabad',95806,7
513,'a','c','Mumbai',39309,9
514,'a','e','Bangalore',47023,5
515,'g','b','Hyderabad',49322,7
516,'a','b','New Delhi',37471,6
517,'g','d','New Delhi',78222,3
518,'f','f','Hyderabad',54269,8
519,'h','c','Bangalore',33098,8
520,'b','c','Mumbai',27614,5
521,'e','h','Bangalore',86804,8
522,'d','e','Bangalore',99693,7
523,'e','f','Hyderabad',83760,2
524,'c','e','Bangalore',95915,1
525,'b','h','Bangalore',36051,3
526,'e','g','New Delhi',80991,2
527,'h','h','New Delhi',16333,0
528,'d','f','New Delhi',30000,4
529,'c','h','New Delhi',92624,0
530,'c','a','Hyderabad',79017,9
531,'f','d','Hyderabad',48401,4
532,'c','e','Bangalore',17103,7
533,'g','f','Bangalore',84823,2
534,'d','g','Mumbai',62544,3
535,'b','f','Hyderabad',14233,6
536,'g','b','New Delhi',47538,6
537,'a','c','New Delhi',96481,3
538,'f','e','Bangalore',87223,7
539,'f','c','New Delhi',70219,2
540,'a','b','Mumbai',66027,7
541,'f','h','Hyderabad',66034,6
542,'a','b','Hyderabad',30571,1
543,'a','b','Mumbai',61098,9
544,'e','d','Mumbai',51143,0
545,'a','d','Hyderabad',82247,5
546,'f','a','New Delhi',17358,5
547,'h','h','Hyderabad',24514,3
548,'f','h','Bangalore',61392,6
549,'g','a','Hyderabad',49367,7
550,'b','h','Bangalore',80564,7
551,'h','e','Bangalore',54492,3
552,'g','d','Hyderabad',89337,2
553,'c','g','Hyderabad',72742,8
554,'h','g','New Delhi',65848,6
555,'a','e','New Delhi',63566,8
556,'g','e','Bangalore',24955,0
557,'b','g','Bangalore',28420,2
558,'f','h','Mumbai',46172,9
559,'g','f','New Delhi',12487,5
560,'c','f','Bangalore',27441,5
561,'g','g','Hyderabad',52673,0
562,'g','g','New Delhi',92589,4
563,'d','e','New Delhi',90729,5
564,'d','h','Mumbai',78283,7
565,'f','e','Bangalore',81847,8
566,'h','f','Bangalore',58719,3
567,'d','f','Bangalore',62671,8
568,'e','b','Mumbai',65459,0
569,'c','b','Mumbai',58637,9
570,'d','h','Hyderabad',49572,5
571,'g','c','Hyderabad',44644,5
572,'h','d','Mumbai',87167,0
573,'b','e','New Delhi',98150,0
574,'c','h','Bangalore',26480,3
575,'b','c','New Delhi',66425,8
576,'d','b','Mumbai',56012,4
577,'c','b','New Delhi',43358,7
578,'f','d','Bangalore',95429,9
579,'a','g','Bangalore',34671,6
580,'h','e','Mumbai',24106,3
581,'a','h','Mumbai',19145,6
582,'d','f','New Delhi',44003,7
583,'d','g','Hyderabad',52922,4
584,'g','a','Mumbai',26894,2
585,'d','h','Bangalore',29779,7
586,'f','g','Hyderabad',78761,0
587,'b','e','Hyderabad',11995,4
588,'f','d','New Delhi',80256,7
589,'g','f','Hyderabad',24532,5
590,'c','e','Bangalore',17060,3
591,'a','e','Mumbai',97784,1
592,'f','c','Mumbai',81575,5
593,'d','c','Mumbai',31289,2
594,'c','f','Hyderabad',90575,4
595,'b','c','Bangalore',64114,8
596,'e','a','Mumbai',42449,5
597,'c','g','New Delhi',22169,2
598,'c','f','New Delhi',78099,6
599,'a','c','Mumbai',18923,3
600,'c','f','Bangalore',74648,7
601,'f','g','New Delhi',48815,4
602,'c','b','New Delhi',93841,2
603,'b','c','New Delhi',72034,5
604,'c','b','New Delhi',93141,8
605,'e','c','New Delhi',12162,9
606,'a','c','Mumbai',68333,0
607,'h','a','Bangalore',78576,3
608,'f','f','Bangalore',16063,4
609,'c','d','New Delhi',13504,5
610,'f','d','Mumbai',13775,2
611,'e','e','New Delhi',60415,6
612,'a','f','New Delhi',13489,5
613,'d','f','Mumbai',78932,8
614,'d','h','Bangalore',76676,9
615,'d','f','New Delhi',80419,4
616,'b','a','New Delhi',68551,2
617,'h','h','Bangalore',90040,9
618,'h','c','Bangalore',65271,1
619,'b','a','Bangalore',91162,9
620,'h','g','Mumbai',76803,2
621,'c','d','Mumbai',78592,5
622,'g','e','Hyderabad',39308,8
623,'b','a','Bangalore',64444,3
624,'g','a','Hyderabad',46805,9
625,'e','f','Hyderabad',68620,7
626,'c','h','Mumbai',97241,5
627,'a','h','Mumbai',28602,9
628,'a','b','Mumbai',50355,9
629,'e','h','Mumbai',43961,2
630,'h','b','Hyderabad',85273,7
631,'f','e','New Delhi',49993,2
632,'b','h','Hyderabad',69247,8
633,'a','d','New Delhi',87631,4
634,'b','c','Bangalore',22034,7
635,'c','h','Hyderabad',76922,2
636,'a','c','New Delhi',58792,7
637,'b','a','Hyderabad',50483,8
638,'c','d','Mumbai',15886,3
639,'b','a','New Delhi',80075,8
640,'g','h','New Delhi',42116,0
641,'f','a','New Delhi',77962,4
642,'c','e','New Delhi',70474,8
643,'d','c','Bangalore',22717,0
644,'h','g','Mumbai',62710,2
645,'f','f','New Delhi',82409,5
646,'e','a','Hyderabad',19032,0
647,'a','a','New Delhi',50151,9
648,'g','b','Bangalore',70190,1
649,'f','e','Hyderabad',41556,4
650,'g','g','Bangalore',13580,3
651,'a','g','New Delhi',18678,0
652,'e','b','Bangalore',17132,2
653,'a','a','Bangalore',42996,2
654,'f','f','Hyderabad',52377,8
655,'b','e','Mumbai',94023,1
656,'f','f','Bangalore',16749,0
657,'g','b','Hyderabad',69199,7
658,'a','d','New Delhi',25305,5
659,'e','b','Mumbai',44591,5
660,'e','g','Bangalore',40737,8
661,'e','d','Mumbai',28526,4
662,'b','b','Mumbai',83499,9
663,'c','a','Hyderabad',35607,0
664,'d','d','Mumbai',50962,0
665,'d','e','Bangalore',85375,2
666,'g','c','New Delhi',84600,2
667,'c','c','New Delhi',70785,2
668,'b','c','Bangalore',48926,2
669,'g','e','Hyderabad',19504,9
670,'h','h','Hyderabad',88854,8
671,'c','e','Mumbai',18399,2
672,'f','f','Bangalore',92438,6
673,'f','b','New Delhi',12569,1
674,'g','e','New Delhi',60211,0
675,'g','b','Bangalore',26588,8
676,'d','f','Bangalore',22597,0
677,'f','e','Mumbai',88474,7
678,'g','c','Bangalore',72975,3
679,'g','g','New Delhi',42410,4
680,'h','d','Hyderabad',86817,3
681,'a','g','Bangalore',52038,8
682,'b','b','Hyderabad',30859,5
683,'g','h','Bangalore',60273,3
684,'f','f','Mumbai',76616,8
685,'h','d','Mumbai',31082,0
686,'a','c','New Delhi',90755,1
687,'h','g','Hyderabad',36193,9
688,'g','c','Hyderabad',96498,8
689,'g','f','Bangalore',55100,6
690,'g','b','New Delhi',43833,8
691,'h','c','Mumbai',43771,3
692,'f','e','Mumbai',43110,0
693,'f','e','New Delhi',74987,5
694,'e','g','Hyderabad',75037,7
695,'e','a','New Delhi',90976,6
696,'a','f','New Delhi',53111,3
697,'f','c','Mumbai',25200,2
698,'h','f','New Delhi',65890,7
699,'g','e','Bangalore',20068,1
700,'f','g','Mumbai',45257,8
701,'a','f','Hyderabad',94715,0
702,'b','h','Bangalore',24092,7
703,'e','g','Bangalore',11939,6
704,'a','a','Hyderabad',47512,0
705,'a','d','New Delhi',93862,0
706,'e','b','Mumbai',59921,4
707,'g','g','Mumbai',19349,9
708,'d','d','Bangalore',92248,9
709,'h','g','Mumbai',10111,4
710,'g','g','Hyderabad',45544,2
711,'e','g','New Delhi',64753,7
712,'g','d','Hyderabad',81777,9
713,'h','g','Hyderabad',36166,0
714,'e','h','Bangalore',45474,6
715,'e','c','Bangalore',48084,9
716,'d','a','New Delhi',51363,4
717,'g','a','Mumbai',24613,9
718,'d','g','New Delhi',96489,7
719,'e','g','Mumbai',10660,0
720,'h','b','Bangalore',48024,1
721,'d','d','Bangalore',76312,3
722,'f','h','New Delhi',78571,0
723,'b','f','Bangalore',21989,0
724,'g','c','Mumbai',91233,4
725,'d','e','Mumbai',86969,8
726,'h','b','Mumbai',61453,4
727,'b','b','New Delhi',67446,5
728,'h','e','Mumbai',59602,9
729,'d','b','Hyderabad',75465,1
730,'e','f','Mumbai',92082,3
731,'d','b','New Delhi',26976,7
732,'a','b','New Delhi',10262,0
733,'g','g','Bangalore',38528,5
734,'c','a','Mumbai',34648,8
735,'d','a','New Delhi',85978,4
736,'b','f','New Delhi',61885,6
737,'f','e','Bangalore',45502,6
738,'b','f','Hyderabad',12647,8
739,'g','e','New Delhi',24176,8
740,'h','a','Hyderabad',26180,1
741,'b','a','Hyderabad',24977,4
742,'a','a','Bangalore',15197,4
743,'h','g','New Delhi',11776,6
744,'a','c','Hyderabad',33202,0
745,'g','g','Hyderabad',93721,6
746,'d','h','Hyderabad',54350,4
747,'d','a','Mumbai',23194,1
748,'d','d','Hyderabad',41349,9
749,'g','b','Bangalore',52224,2
750,'e','g','Bangalore',13920,1
751,'g','b','Mumbai',95240,4
752,'a','f','Hyderabad',24675,2
753,'e','h','Hyderabad',43601,0
754,'e','b','New Delhi',87625,2
755,'e','b','New Delhi',30159,3
756,'e','a','Bangalore',78683,0
757,'b','g','Hyderabad',67849,6
758,'b','g','Bangalore',74701,1
759,'b','f','New Delhi',42750,7
760,'a','e','Hyderabad',69764,3
761,'d','d','Bangalore',24821,7
762,'f','d','Hyderabad',91375,0
763,'a','c','Bangalore',71549,1
764,'d','e','Hyderabad',68664,8
765,'f','f','Mumbai',39800,2
766,'b','b','Hyderabad',87341,0
767,'g','f','Hyderabad',73676,7
768,'h','d','Mumbai',75762,2
769,'e','e','Hyderabad',90267,0
770,'h','b','Bangalore',23554,4
771,'b','e','Bangalore',85063,3
772,'h','c','Bangalore',18681,8
773,'d','e','New Delhi',15005,5
774,'h','g','New Delhi',29360,4
775,'b','d','Mumbai',56437,5
776,'d','d','New Delhi',45641,4
777,'e','h','Mumbai',26688,6
778,'f','b','New Delhi',86055,9
779,'d','a','Hyderabad',54774,8
780,'b','b','Mumbai',43654,2
781,'f','e','Bangalore',30893,9
782,'d','e','Mumbai',50678,5
783,'b','e','Mumbai',81872,3
784,'e','b','Bangalore',78813,3
785,'a','b','Bangalore',78114,3
786,'b','f','New Delhi',87332,4
787,'h','d','New Delhi',15650,0
788,'a','f','Mumbai',37626,1
789,'h','f','New Delhi',20907,0
790,'h','d','Hyderabad',78248,9
791,'g','a','Hyderabad',72540,8
792,'c','g','Bangalore',50204,4
793,'b','f','New Delhi',47091,6
794,'g','b','Mumbai',32068,0
795,'a','h','New Delhi',73217,9
796,'d','h','Bangalore',88709,1
797,'c','e','Mumbai',78557,9
798,'d','c','Bangalore',98512,5
799,'d','a','Hyderabad',71827,3
800,'h','a','Hyderabad',94247,5
801,'f','g','Mumbai',42388,8
802,'f','b','Mumbai',49628,4
803,'d','e','Hyderabad',54289,2
804,'b','d','Bangalore',50039,3
805,'e','c','Mumbai',87131,8
806,'e','a','Hyderabad',79383,9
807,'h','g','Mumbai',28294,7
808,'b','d','New Delhi',65645,7
809,'b','b','Bangalore',65576,3
810,'h','b','Bangalore',95719,8
811,'g','f','Mumbai',22795,7
812,'d','g','New Delhi',87348,1
813,'d','e','Bangalore',76941,1
814,'e','h','Bangalore',31086,8
815,'h','g','Hyderabad',11930,8
816,'f','c','Bangalore',26601,6
817,'h','g','Bangalore',29014,5
818,'b','a','Mumbai',35166,8
819,'h','d','Hyderabad',97796,1
820,'e','b','Mumbai',24743,8
821,'d','d','Bangalore',11525,3
822,'h','h','Bangalore',48439,2
823,'a','e','New Delhi',76138,6
824,'a','e','Hyderabad',84070,9
825,'g','d','Bangalore',48878,5
826,'h','d','New Delhi',65171,6
827,'f','b','Hyderabad',86324,7
828,'b','d','New Delhi',96821,6
829,'b','h','Bangalore',42466,9
830,'f','f','Hyderabad',75577,1
831,'b','b','Mumbai',46184,3
832,'a','f','Bangalore',42125,0
833,'f','a','Bangalore',70230,5
834,'h','g','New Delhi',67592,2
835,'d','g','Hyderabad',27912,7
836,'b','h','Mumbai',73538,3
837,'a','e','Hyderabad',30071,0
838,'a','e','New Delhi',15335,7
839,'d','b','New Delhi',13960,8
840,'a','e','Mumbai',67288,2
841,'e','c','New Delhi',94913,6
842,'f','g','Hyderabad',14486,8
843,'a','e','Hyderabad',13528,7
844,'e','f','Bangalore',84516,7
845,'e','h','Hyderabad',89737,4
846,'e','e','Bangalore',38390,7
847,'a','c','Mumbai',77484,9
848,'a','d','New Delhi',39440,3
849,'f','g','Hyderabad',71658,4
850,'d','b','Hyderabad',88691,5
851,'c','e','New Delhi',48672,0
852,'f','f','New Delhi',20876,1
853,'d','h','Hyderabad',99548,9
854,'c','d','New Delhi',45032,8
855,'d','f','New Delhi',15889,4
856,'e','b','Bangalore',10806,6
857,'h','a','New Delhi',37471,1
858,'e','d','Bangalore',72842,7
859,'c','e','Mumbai',26083,9
860,'b','b','Bangalore',95443,3
861,'e','h','Bangalore',30126,7
862,'h','a','Mumbai',77170,8
863,'g','e','New Delhi',11398,5
864,'h','c','New Delhi',58929,5
865,'b','h','Bangalore',30508,1
866,'a','f','Mumbai',68086,9
867,'c','c','Mumbai',27392,3
868,'a','c','New Delhi',76682,7
869,'b','b','New Delhi',90734,8
870,'b','a','Mumbai',45935,3
871,'b','b','Bangalore',77688,7
872,'h','a','New Delhi',80856,9
873,'a','e','Mumbai',24919,7
874,'f','g','Mumbai',53888,3
875,'g','f','Hyderabad',12672,1
876,'c','e','Bangalore',54063,8
877,'b','e','Hyderabad',81578,2
878,'b','b','Bangalore',30151,8
879,'f','g','Hyderabad',70286,5
880,'d','f','New Delhi',77168,5
881,'e','b','Bangalore',20626,8
882,'a','b','Hyderabad',19036,5
883,'d','f','New Delhi',89969,9
884,'c','b','Mumbai',93289,2
885,'h','h','Bangalore',26517,6
886,'a','d','New Delhi',87404,7
887,'c','d','Mumbai',27614,5
888,'d','h','New Delhi',51847,9
889,'h','a','Hyderabad',17046,1
890,'a','a','Mumbai',68031,3
891,'e','b','Bangalore',73902,1
892,'h','e','Hyderabad',58740,8
893,'g','d','Mumbai',21554,3
894,'e','h','Hyderabad',71792,8
895,'g','b','Hyderabad',62058,7
896,'f','h','Hyderabad',72723,1
897,'h','g','New Delhi',72130,1
898,'g','a','Mumbai',53214,1
899,'c','g','New Delhi',48905,3
900,'a','h','Mumbai',55316,9
901,'b','d','New Delhi',96760,5
902,'c','h','Bangalore',48511,6
903,'h','f','New Delhi',32326,6
904,'f','h','Bangalore',18592,7
905,'a','e','Mumbai',98644,2
906,'c','d','Bangalore',92581,5
907,'c','h','Mumbai',18997,0
908,'h','g','Mumbai',34781,3
909,'f','e','Hyderabad',34908,9
910,'d','g','New Delhi',23555,2
911,'f','b','Bangalore',17659,3
912,'e','h','Mumbai',41746,0
913,'a','d','Bangalore',67473,6
914,'g','c','New Delhi',92403,9
915,'d','e','New Delhi',39395,6
916,'a','e','Hyderabad',84271,7
917,'h','b','Hyderabad',27039,5
918,'d','b','New Delhi',72701,8
919,'d','g','Mumbai',36918,0
920,'e','b','Bangalore',38052,0
921,'d','f','Mumbai',12075,5
922,'h','b','New Delhi',31963,9
923,'a','b','Mumbai',78462,3
924,'c','f','New Delhi',93856,6
925,'e','c','New Delhi',63427,1
926,'c','e','Hyderabad',24473,0
927,'c','f','Bangalore',45442,2
928,'h','h','New Delhi',93124,8
929,'a','e','Bangalore',79465,7
930,'a','d','Bangalore',47021,6
931,'a','c','Hyderabad',22334,0
932,'b','d','Bangalore',83996,9
933,'c','d','Hyderabad',67934,5
934,'a','e','Hyderabad',96812,6
935,'f','f','New Delhi',54878,7
936,'b','g','Hyderabad',42702,3
937,'c','g','Mumbai',93897,7
938,'d','a','Mumbai',50654,4
939,'c','a','Hyderabad',42411,6
940,'c','c','New Delhi',17093,1
941,'g','b','Mumbai',22606,3
942,'h','e','Bangalore',91693,5
943,'f','b','New Delhi',23912,9
944,'g','a','Bangalore',32356,1
945,'f','g','Bangalore',44961,7
946,'e','e','Hyderabad',37890,1
947,'f','c','Mumbai',51965,3
948,'h','f','Hyderabad',34800,3
949,'f','g','Hyderabad',84574,4
950,'b','d','Hyderabad',74670,4
951,'e','d','Bangalore',79682,6
952,'g','c','New Delhi',94314,6
953,'b','b','Bangalore',41805,6
954,'e','c','New Delhi',49362,6
955,'h','g','Bangalore',53312,1
956,'b','f','Hyderabad',18449,8
957,'c','b','Bangalore',46650,5
958,'g','b','New Delhi',76419,4
959,'a','h','Bangalore',44153,6
960,'d','a','Hyderabad',68791,6
961,'g','g','New Delhi',71955,5
962,'g','c','Mumbai',38311,2
963,'b','b','Bangalore',33634,0
964,'a','b','Hyderabad',66157,8
965,'h','a','Bangalore',59658,8
966,'f','b','Bangalore',12156,1
967,'b','c','New Delhi',42633,8
968,'g','f','New Delhi',18544,4
969,'g','c','New Delhi',98731,7
970,'h','d','Hyderabad',78981,6
971,'a','d','Bangalore',92585,9
972,'a','a','Mumbai',67187,0
973,'a','e','Hyderabad',69222,3
974,'a','e','Hyderabad',30596,6
975,'b','b','Hyderabad',92435,6
976,'f','b','Mumbai',33903,9
977,'b','h','New Delhi',19678,9
978,'g','g','New Delhi',81385,2
979,'b','a','Hyderabad',20770,7
980,'a','a','New Delhi',78685,6
981,'b','a','Mumbai',45891,3
982,'c','d','Mumbai',81299,7
983,'c','f','New Delhi',26500,5
984,'f','b','New Delhi',50962,8
985,'c','a','Hyderabad',24665,4
986,'c','a','Bangalore',84860,7
987,'c','d','New Delhi',57328,7
988,'g','h','Bangalore',80608,7
989,'c','b','Hyderabad',58343,8
990,'h','c','Hyderabad',94852,0
991,'b','b','New Delhi',83424,3
992,'b','g','New Delhi',72054,0
993,'g','d','New Delhi',54966,7
994,'g','g','Mumbai',97478,6
995,'e','h','Mumbai',26693,3
996,'c','a','Mumbai',98050,6
997,'h','d','Mumbai',80691,9
998,'b','e','New Delhi',99452,6
999,'h','h','Mumbai',80588,0
